1.00%,Tolerance,,,,,,
Value,Description,MFG #1,P/N #1,MFG #2,P/N #2,MFG #3,P/N #3
1R,"Res, 1R Ohm, 1%, 250mW, R1206",Yageo,RC1206FR-071RP,Panasonic,ERJ-8ENF1R00V,Koa-Speer,RK73H2BTTDD1R00F
1R02,"Res, 1R02 Ohm, 1R, 250mW, R1206",Yageo,RC1206FR-071R02P,Panasonic,ERJ-8ENF1R02V,Koa-Speer,RK73H2BTTDD1R02F
1R5,"Res, 1R5 Ohm, 1R02, 250mW, R1206",Yageo,RC1206FR-071R5P,Panasonic,ERJ-8ENF1R50V,Koa-Speer,RK73H2BTTDD1R50F
1R07,"Res, 1R07 Ohm, 1R5, 250mW, R1206",Yageo,RC1206FR-071R07P,Panasonic,ERJ-8ENF1R07V,Koa-Speer,RK73H2BTTDD1R07F
1R1,"Res, 1R1 Ohm, 1R07, 250mW, R1206",Yageo,RC1206FR-071R1P,Panasonic,ERJ-8ENF1R10V,Koa-Speer,RK73H2BTTDD1R10F
1R13,"Res, 1R13 Ohm, 1R1, 250mW, R1206",Yageo,RC1206FR-071R13P,Panasonic,ERJ-8ENF1R13V,Koa-Speer,RK73H2BTTDD1R13F
1R15,"Res, 1R15 Ohm, 1R13, 250mW, R1206",Yageo,RC1206FR-071R15P,Panasonic,ERJ-8ENF1R15V,Koa-Speer,RK73H2BTTDD1R15F
1R18,"Res, 1R18 Ohm, 1R15, 250mW, R1206",Yageo,RC1206FR-071R18P,Panasonic,ERJ-8ENF1R18V,Koa-Speer,RK73H2BTTDD1R18F
1R21,"Res, 1R21 Ohm, 1R18, 250mW, R1206",Yageo,RC1206FR-071R21P,Panasonic,ERJ-8ENF1R21V,Koa-Speer,RK73H2BTTDD1R21F
1R24,"Res, 1R24 Ohm, 1R21, 250mW, R1206",Yageo,RC1206FR-071R24P,Panasonic,ERJ-8ENF1R24V,Koa-Speer,RK73H2BTTDD1R24F
1R27,"Res, 1R27 Ohm, 1R24, 250mW, R1206",Yageo,RC1206FR-071R27P,Panasonic,ERJ-8ENF1R27V,Koa-Speer,RK73H2BTTDD1R27F
1R3,"Res, 1R3 Ohm, 1R27, 250mW, R1206",Yageo,RC1206FR-071R3P,Panasonic,ERJ-8ENF1R30V,Koa-Speer,RK73H2BTTDD1R30F
1R33,"Res, 1R33 Ohm, 1R3, 250mW, R1206",Yageo,RC1206FR-071R33P,Panasonic,ERJ-8ENF1R33V,Koa-Speer,RK73H2BTTDD1R33F
1R37,"Res, 1R37 Ohm, 1R33, 250mW, R1206",Yageo,RC1206FR-071R37P,Panasonic,ERJ-8ENF1R37V,Koa-Speer,RK73H2BTTDD1R37F
1R4,"Res, 1R4 Ohm, 1R37, 250mW, R1206",Yageo,RC1206FR-071R4P,Panasonic,ERJ-8ENF1R40V,Koa-Speer,RK73H2BTTDD1R40F
1R43,"Res, 1R43 Ohm, 1R4, 250mW, R1206",Yageo,RC1206FR-071R43P,Panasonic,ERJ-8ENF1R43V,Koa-Speer,RK73H2BTTDD1R43F
1R47,"Res, 1R47 Ohm, 1R43, 250mW, R1206",Yageo,RC1206FR-071R47P,Panasonic,ERJ-8ENF1R47V,Koa-Speer,RK73H2BTTDD1R47F
1R5,"Res, 1R5 Ohm, 1R47, 250mW, R1206",Yageo,RC1206FR-071R5P,Panasonic,ERJ-8ENF1R50V,Koa-Speer,RK73H2BTTDD1R50F
1R54,"Res, 1R54 Ohm, 1R5, 250mW, R1206",Yageo,RC1206FR-071R54P,Panasonic,ERJ-8ENF1R54V,Koa-Speer,RK73H2BTTDD1R54F
1R58,"Res, 1R58 Ohm, 1R54, 250mW, R1206",Yageo,RC1206FR-071R58P,Panasonic,ERJ-8ENF1R58V,Koa-Speer,RK73H2BTTDD1R58F
1R62,"Res, 1R62 Ohm, 1R58, 250mW, R1206",Yageo,RC1206FR-071R62P,Panasonic,ERJ-8ENF1R62V,Koa-Speer,RK73H2BTTDD1R62F
1R65,"Res, 1R65 Ohm, 1R62, 250mW, R1206",Yageo,RC1206FR-071R65P,Panasonic,ERJ-8ENF1R65V,Koa-Speer,RK73H2BTTDD1R65F
1R69,"Res, 1R69 Ohm, 1R65, 250mW, R1206",Yageo,RC1206FR-071R69P,Panasonic,ERJ-8ENF1R69V,Koa-Speer,RK73H2BTTDD1R69F
1R74,"Res, 1R74 Ohm, 1R69, 250mW, R1206",Yageo,RC1206FR-071R74P,Panasonic,ERJ-8ENF1R74V,Koa-Speer,RK73H2BTTDD1R74F
1R78,"Res, 1R78 Ohm, 1R74, 250mW, R1206",Yageo,RC1206FR-071R78P,Panasonic,ERJ-8ENF1R78V,Koa-Speer,RK73H2BTTDD1R78F
1R82,"Res, 1R82 Ohm, 1R78, 250mW, R1206",Yageo,RC1206FR-071R82P,Panasonic,ERJ-8ENF1R82V,Koa-Speer,RK73H2BTTDD1R82F
1R87,"Res, 1R87 Ohm, 1R82, 250mW, R1206",Yageo,RC1206FR-071R87P,Panasonic,ERJ-8ENF1R87V,Koa-Speer,RK73H2BTTDD1R87F
1R91,"Res, 1R91 Ohm, 1R87, 250mW, R1206",Yageo,RC1206FR-071R91P,Panasonic,ERJ-8ENF1R91V,Koa-Speer,RK73H2BTTDD1R91F
1R96,"Res, 1R96 Ohm, 1R91, 250mW, R1206",Yageo,RC1206FR-071R96P,Panasonic,ERJ-8ENF1R96V,Koa-Speer,RK73H2BTTDD1R96F
2R,"Res, 2R Ohm, 1R96, 250mW, R1206",Yageo,RC1206FR-072RP,Panasonic,ERJ-8ENF2R00V,Koa-Speer,RK73H2BTTDD2R00F
2R05,"Res, 2R05 Ohm, 2R, 250mW, R1206",Yageo,RC1206FR-072R05P,Panasonic,ERJ-8ENF2R05V,Koa-Speer,RK73H2BTTDD2R05F
2R1,"Res, 2R1 Ohm, 2R05, 250mW, R1206",Yageo,RC1206FR-072R1P,Panasonic,ERJ-8ENF2R10V,Koa-Speer,RK73H2BTTDD2R10F
2R15,"Res, 2R15 Ohm, 2R1, 250mW, R1206",Yageo,RC1206FR-072R15P,Panasonic,ERJ-8ENF2R15V,Koa-Speer,RK73H2BTTDD2R15F
2R21,"Res, 2R21 Ohm, 2R15, 250mW, R1206",Yageo,RC1206FR-072R21P,Panasonic,ERJ-8ENF2R21V,Koa-Speer,RK73H2BTTDD2R21F
2R26,"Res, 2R26 Ohm, 2R21, 250mW, R1206",Yageo,RC1206FR-072R26P,Panasonic,ERJ-8ENF2R26V,Koa-Speer,RK73H2BTTDD2R26F
2R32,"Res, 2R32 Ohm, 2R26, 250mW, R1206",Yageo,RC1206FR-072R32P,Panasonic,ERJ-8ENF2R32V,Koa-Speer,RK73H2BTTDD2R32F
2R37,"Res, 2R37 Ohm, 2R32, 250mW, R1206",Yageo,RC1206FR-072R37P,Panasonic,ERJ-8ENF2R37V,Koa-Speer,RK73H2BTTDD2R37F
2R43,"Res, 2R43 Ohm, 2R37, 250mW, R1206",Yageo,RC1206FR-072R43P,Panasonic,ERJ-8ENF2R43V,Koa-Speer,RK73H2BTTDD2R43F
2R49,"Res, 2R49 Ohm, 2R43, 250mW, R1206",Yageo,RC1206FR-072R49P,Panasonic,ERJ-8ENF2R49V,Koa-Speer,RK73H2BTTDD2R49F
2R55,"Res, 2R55 Ohm, 2R49, 250mW, R1206",Yageo,RC1206FR-072R55P,Panasonic,ERJ-8ENF2R55V,Koa-Speer,RK73H2BTTDD2R55F
2R61,"Res, 2R61 Ohm, 2R55, 250mW, R1206",Yageo,RC1206FR-072R61P,Panasonic,ERJ-8ENF2R61V,Koa-Speer,RK73H2BTTDD2R61F
2R67,"Res, 2R67 Ohm, 2R61, 250mW, R1206",Yageo,RC1206FR-072R67P,Panasonic,ERJ-8ENF2R67V,Koa-Speer,RK73H2BTTDD2R67F
2R74,"Res, 2R74 Ohm, 2R67, 250mW, R1206",Yageo,RC1206FR-072R74P,Panasonic,ERJ-8ENF2R74V,Koa-Speer,RK73H2BTTDD2R74F
2R8,"Res, 2R8 Ohm, 2R74, 250mW, R1206",Yageo,RC1206FR-072R8P,Panasonic,ERJ-8ENF2R80V,Koa-Speer,RK73H2BTTDD2R80F
2R87,"Res, 2R87 Ohm, 2R8, 250mW, R1206",Yageo,RC1206FR-072R87P,Panasonic,ERJ-8ENF2R87V,Koa-Speer,RK73H2BTTDD2R87F
2R94,"Res, 2R94 Ohm, 2R87, 250mW, R1206",Yageo,RC1206FR-072R94P,Panasonic,ERJ-8ENF2R94V,Koa-Speer,RK73H2BTTDD2R94F
3R01,"Res, 3R01 Ohm, 2R94, 250mW, R1206",Yageo,RC1206FR-073R01P,Panasonic,ERJ-8ENF3R01V,Koa-Speer,RK73H2BTTDD3R01F
3R09,"Res, 3R09 Ohm, 3R01, 250mW, R1206",Yageo,RC1206FR-073R09P,Panasonic,ERJ-8ENF3R09V,Koa-Speer,RK73H2BTTDD3R09F
3R16,"Res, 3R16 Ohm, 3R09, 250mW, R1206",Yageo,RC1206FR-073R16P,Panasonic,ERJ-8ENF3R16V,Koa-Speer,RK73H2BTTDD3R16F
3R24,"Res, 3R24 Ohm, 3R16, 250mW, R1206",Yageo,RC1206FR-073R24P,Panasonic,ERJ-8ENF3R24V,Koa-Speer,RK73H2BTTDD3R24F
3R32,"Res, 3R32 Ohm, 3R24, 250mW, R1206",Yageo,RC1206FR-073R32P,Panasonic,ERJ-8ENF3R32V,Koa-Speer,RK73H2BTTDD3R32F
3R4,"Res, 3R4 Ohm, 3R32, 250mW, R1206",Yageo,RC1206FR-073R4P,Panasonic,ERJ-8ENF3R40V,Koa-Speer,RK73H2BTTDD3R40F
3R48,"Res, 3R48 Ohm, 3R4, 250mW, R1206",Yageo,RC1206FR-073R48P,Panasonic,ERJ-8ENF3R48V,Koa-Speer,RK73H2BTTDD3R48F
3R57,"Res, 3R57 Ohm, 3R48, 250mW, R1206",Yageo,RC1206FR-073R57P,Panasonic,ERJ-8ENF3R57V,Koa-Speer,RK73H2BTTDD3R57F
3R65,"Res, 3R65 Ohm, 3R57, 250mW, R1206",Yageo,RC1206FR-073R65P,Panasonic,ERJ-8ENF3R65V,Koa-Speer,RK73H2BTTDD3R65F
3R74,"Res, 3R74 Ohm, 3R65, 250mW, R1206",Yageo,RC1206FR-073R74P,Panasonic,ERJ-8ENF3R74V,Koa-Speer,RK73H2BTTDD3R74F
3R83,"Res, 3R83 Ohm, 3R74, 250mW, R1206",Yageo,RC1206FR-073R83P,Panasonic,ERJ-8ENF3R83V,Koa-Speer,RK73H2BTTDD3R83F
3R92,"Res, 3R92 Ohm, 3R83, 250mW, R1206",Yageo,RC1206FR-073R92P,Panasonic,ERJ-8ENF3R92V,Koa-Speer,RK73H2BTTDD3R92F
4R02,"Res, 4R02 Ohm, 3R92, 250mW, R1206",Yageo,RC1206FR-074R02P,Panasonic,ERJ-8ENF4R02V,Koa-Speer,RK73H2BTTDD4R02F
4R12,"Res, 4R12 Ohm, 4R02, 250mW, R1206",Yageo,RC1206FR-074R12P,Panasonic,ERJ-8ENF4R12V,Koa-Speer,RK73H2BTTDD4R12F
4R22,"Res, 4R22 Ohm, 4R12, 250mW, R1206",Yageo,RC1206FR-074R22P,Panasonic,ERJ-8ENF4R22V,Koa-Speer,RK73H2BTTDD4R22F
4R32,"Res, 4R32 Ohm, 4R22, 250mW, R1206",Yageo,RC1206FR-074R32P,Panasonic,ERJ-8ENF4R32V,Koa-Speer,RK73H2BTTDD4R32F
4R42,"Res, 4R42 Ohm, 4R32, 250mW, R1206",Yageo,RC1206FR-074R42P,Panasonic,ERJ-8ENF4R42V,Koa-Speer,RK73H2BTTDD4R42F
4R53,"Res, 4R53 Ohm, 4R42, 250mW, R1206",Yageo,RC1206FR-074R53P,Panasonic,ERJ-8ENF4R53V,Koa-Speer,RK73H2BTTDD4R53F
4R64,"Res, 4R64 Ohm, 4R53, 250mW, R1206",Yageo,RC1206FR-074R64P,Panasonic,ERJ-8ENF4R64V,Koa-Speer,RK73H2BTTDD4R64F
4R75,"Res, 4R75 Ohm, 4R64, 250mW, R1206",Yageo,RC1206FR-074R75P,Panasonic,ERJ-8ENF4R75V,Koa-Speer,RK73H2BTTDD4R75F
4R87,"Res, 4R87 Ohm, 4R75, 250mW, R1206",Yageo,RC1206FR-074R87P,Panasonic,ERJ-8ENF4R87V,Koa-Speer,RK73H2BTTDD4R87F
4R99,"Res, 4R99 Ohm, 4R87, 250mW, R1206",Yageo,RC1206FR-074R99P,Panasonic,ERJ-8ENF4R99V,Koa-Speer,RK73H2BTTDD4R99F
5R11,"Res, 5R11 Ohm, 4R99, 250mW, R1206",Yageo,RC1206FR-075R11P,Panasonic,ERJ-8ENF5R11V,Koa-Speer,RK73H2BTTDD5R11F
5R23,"Res, 5R23 Ohm, 5R11, 250mW, R1206",Yageo,RC1206FR-075R23P,Panasonic,ERJ-8ENF5R23V,Koa-Speer,RK73H2BTTDD5R23F
5R36,"Res, 5R36 Ohm, 5R23, 250mW, R1206",Yageo,RC1206FR-075R36P,Panasonic,ERJ-8ENF5R36V,Koa-Speer,RK73H2BTTDD5R36F
5R49,"Res, 5R49 Ohm, 5R36, 250mW, R1206",Yageo,RC1206FR-075R49P,Panasonic,ERJ-8ENF5R49V,Koa-Speer,RK73H2BTTDD5R49F
5R62,"Res, 5R62 Ohm, 5R49, 250mW, R1206",Yageo,RC1206FR-075R62P,Panasonic,ERJ-8ENF5R62V,Koa-Speer,RK73H2BTTDD5R62F
5R76,"Res, 5R76 Ohm, 5R62, 250mW, R1206",Yageo,RC1206FR-075R76P,Panasonic,ERJ-8ENF5R76V,Koa-Speer,RK73H2BTTDD5R76F
5R9,"Res, 5R9 Ohm, 5R76, 250mW, R1206",Yageo,RC1206FR-075R9P,Panasonic,ERJ-8ENF5R90V,Koa-Speer,RK73H2BTTDD5R90F
6R04,"Res, 6R04 Ohm, 5R9, 250mW, R1206",Yageo,RC1206FR-076R04P,Panasonic,ERJ-8ENF6R04V,Koa-Speer,RK73H2BTTDD6R04F
6R19,"Res, 6R19 Ohm, 6R04, 250mW, R1206",Yageo,RC1206FR-076R19P,Panasonic,ERJ-8ENF6R19V,Koa-Speer,RK73H2BTTDD6R19F
6R34,"Res, 6R34 Ohm, 6R19, 250mW, R1206",Yageo,RC1206FR-076R34P,Panasonic,ERJ-8ENF6R34V,Koa-Speer,RK73H2BTTDD6R34F
6R49,"Res, 6R49 Ohm, 6R34, 250mW, R1206",Yageo,RC1206FR-076R49P,Panasonic,ERJ-8ENF6R49V,Koa-Speer,RK73H2BTTDD6R49F
6R65,"Res, 6R65 Ohm, 6R49, 250mW, R1206",Yageo,RC1206FR-076R65P,Panasonic,ERJ-8ENF6R65V,Koa-Speer,RK73H2BTTDD6R65F
6R81,"Res, 6R81 Ohm, 6R65, 250mW, R1206",Yageo,RC1206FR-076R81P,Panasonic,ERJ-8ENF6R81V,Koa-Speer,RK73H2BTTDD6R81F
6R98,"Res, 6R98 Ohm, 6R81, 250mW, R1206",Yageo,RC1206FR-076R98P,Panasonic,ERJ-8ENF6R98V,Koa-Speer,RK73H2BTTDD6R98F
7R15,"Res, 7R15 Ohm, 6R98, 250mW, R1206",Yageo,RC1206FR-077R15P,Panasonic,ERJ-8ENF7R15V,Koa-Speer,RK73H2BTTDD7R15F
7R32,"Res, 7R32 Ohm, 7R15, 250mW, R1206",Yageo,RC1206FR-077R32P,Panasonic,ERJ-8ENF7R32V,Koa-Speer,RK73H2BTTDD7R32F
7R5,"Res, 7R5 Ohm, 7R32, 250mW, R1206",Yageo,RC1206FR-077R5P,Panasonic,ERJ-8ENF7R50V,Koa-Speer,RK73H2BTTDD7R50F
7R68,"Res, 7R68 Ohm, 7R5, 250mW, R1206",Yageo,RC1206FR-077R68P,Panasonic,ERJ-8ENF7R68V,Koa-Speer,RK73H2BTTDD7R68F
7R87,"Res, 7R87 Ohm, 7R68, 250mW, R1206",Yageo,RC1206FR-077R87P,Panasonic,ERJ-8ENF7R87V,Koa-Speer,RK73H2BTTDD7R87F
8R06,"Res, 8R06 Ohm, 7R87, 250mW, R1206",Yageo,RC1206FR-078R06P,Panasonic,ERJ-8ENF8R06V,Koa-Speer,RK73H2BTTDD8R06F
8R25,"Res, 8R25 Ohm, 8R06, 250mW, R1206",Yageo,RC1206FR-078R25P,Panasonic,ERJ-8ENF8R25V,Koa-Speer,RK73H2BTTDD8R25F
8R45,"Res, 8R45 Ohm, 8R25, 250mW, R1206",Yageo,RC1206FR-078R45P,Panasonic,ERJ-8ENF8R45V,Koa-Speer,RK73H2BTTDD8R45F
8R66,"Res, 8R66 Ohm, 8R45, 250mW, R1206",Yageo,RC1206FR-078R66P,Panasonic,ERJ-8ENF8R66V,Koa-Speer,RK73H2BTTDD8R66F
8R87,"Res, 8R87 Ohm, 8R66, 250mW, R1206",Yageo,RC1206FR-078R87P,Panasonic,ERJ-8ENF8R87V,Koa-Speer,RK73H2BTTDD8R87F
9R09,"Res, 9R09 Ohm, 8R87, 250mW, R1206",Yageo,RC1206FR-079R09P,Panasonic,ERJ-8ENF9R09V,Koa-Speer,RK73H2BTTDD9R09F
9R31,"Res, 9R31 Ohm, 9R09, 250mW, R1206",Yageo,RC1206FR-079R31P,Panasonic,ERJ-8ENF9R31V,Koa-Speer,RK73H2BTTDD9R31F
9R53,"Res, 9R53 Ohm, 9R31, 250mW, R1206",Yageo,RC1206FR-079R53P,Panasonic,ERJ-8ENF9R53V,Koa-Speer,RK73H2BTTDD9R53F
9R76,"Res, 9R76 Ohm, 9R53, 250mW, R1206",Yageo,RC1206FR-079R76P,Panasonic,ERJ-8ENF9R76V,Koa-Speer,RK73H2BTTDD9R76F
10R,"Res, 10R Ohm, 9R76, 250mW, R1206",Yageo,RC1206FR-0710RP,Panasonic,ERJ-8ENF10R0V,Koa-Speer,RK73H2BTTDD10R0F
10R2,"Res, 10R2 Ohm, 10R, 250mW, R1206",Yageo,RC1206FR-0710R2P,Panasonic,ERJ-8ENF10R2V,Koa-Speer,RK73H2BTTDD10R2F
10R5,"Res, 10R5 Ohm, 10R2, 250mW, R1206",Yageo,RC1206FR-0710R5P,Panasonic,ERJ-8ENF10R5V,Koa-Speer,RK73H2BTTDD10R5F
10R7,"Res, 10R7 Ohm, 10R5, 250mW, R1206",Yageo,RC1206FR-0710R7P,Panasonic,ERJ-8ENF10R7V,Koa-Speer,RK73H2BTTDD10R7F
11R,"Res, 11R Ohm, 10R7, 250mW, R1206",Yageo,RC1206FR-0711RP,Panasonic,ERJ-8ENF11R0V,Koa-Speer,RK73H2BTTDD11R0F
11R3,"Res, 11R3 Ohm, 11R, 250mW, R1206",Yageo,RC1206FR-0711R3P,Panasonic,ERJ-8ENF11R3V,Koa-Speer,RK73H2BTTDD11R3F
11R5,"Res, 11R5 Ohm, 11R3, 250mW, R1206",Yageo,RC1206FR-0711R5P,Panasonic,ERJ-8ENF11R5V,Koa-Speer,RK73H2BTTDD11R5F
11R8,"Res, 11R8 Ohm, 11R5, 250mW, R1206",Yageo,RC1206FR-0711R8P,Panasonic,ERJ-8ENF11R8V,Koa-Speer,RK73H2BTTDD11R8F
12R1,"Res, 12R1 Ohm, 11R8, 250mW, R1206",Yageo,RC1206FR-0712R1P,Panasonic,ERJ-8ENF12R1V,Koa-Speer,RK73H2BTTDD12R1F
12R4,"Res, 12R4 Ohm, 12R1, 250mW, R1206",Yageo,RC1206FR-0712R4P,Panasonic,ERJ-8ENF12R4V,Koa-Speer,RK73H2BTTDD12R4F
12R7,"Res, 12R7 Ohm, 12R4, 250mW, R1206",Yageo,RC1206FR-0712R7P,Panasonic,ERJ-8ENF12R7V,Koa-Speer,RK73H2BTTDD12R7F
13R,"Res, 13R Ohm, 12R7, 250mW, R1206",Yageo,RC1206FR-0713RP,Panasonic,ERJ-8ENF13R0V,Koa-Speer,RK73H2BTTDD13R0F
13R3,"Res, 13R3 Ohm, 13R, 250mW, R1206",Yageo,RC1206FR-0713R3P,Panasonic,ERJ-8ENF13R3V,Koa-Speer,RK73H2BTTDD13R3F
13R7,"Res, 13R7 Ohm, 13R3, 250mW, R1206",Yageo,RC1206FR-0713R7P,Panasonic,ERJ-8ENF13R7V,Koa-Speer,RK73H2BTTDD13R7F
14R,"Res, 14R Ohm, 13R7, 250mW, R1206",Yageo,RC1206FR-0714RP,Panasonic,ERJ-8ENF14R0V,Koa-Speer,RK73H2BTTDD14R0F
14R3,"Res, 14R3 Ohm, 14R, 250mW, R1206",Yageo,RC1206FR-0714R3P,Panasonic,ERJ-8ENF14R3V,Koa-Speer,RK73H2BTTDD14R3F
14R7,"Res, 14R7 Ohm, 14R3, 250mW, R1206",Yageo,RC1206FR-0714R7P,Panasonic,ERJ-8ENF14R7V,Koa-Speer,RK73H2BTTDD14R7F
15R,"Res, 15R Ohm, 14R7, 250mW, R1206",Yageo,RC1206FR-0715RP,Panasonic,ERJ-8ENF15R0V,Koa-Speer,RK73H2BTTDD15R0F
15R4,"Res, 15R4 Ohm, 15R, 250mW, R1206",Yageo,RC1206FR-0715R4P,Panasonic,ERJ-8ENF15R4V,Koa-Speer,RK73H2BTTDD15R4F
15R8,"Res, 15R8 Ohm, 15R4, 250mW, R1206",Yageo,RC1206FR-0715R8P,Panasonic,ERJ-8ENF15R8V,Koa-Speer,RK73H2BTTDD15R8F
16R2,"Res, 16R2 Ohm, 15R8, 250mW, R1206",Yageo,RC1206FR-0716R2P,Panasonic,ERJ-8ENF16R2V,Koa-Speer,RK73H2BTTDD16R2F
16R5,"Res, 16R5 Ohm, 16R2, 250mW, R1206",Yageo,RC1206FR-0716R5P,Panasonic,ERJ-8ENF16R5V,Koa-Speer,RK73H2BTTDD16R5F
16R9,"Res, 16R9 Ohm, 16R5, 250mW, R1206",Yageo,RC1206FR-0716R9P,Panasonic,ERJ-8ENF16R9V,Koa-Speer,RK73H2BTTDD16R9F
17R4,"Res, 17R4 Ohm, 16R9, 250mW, R1206",Yageo,RC1206FR-0717R4P,Panasonic,ERJ-8ENF17R4V,Koa-Speer,RK73H2BTTDD17R4F
17R8,"Res, 17R8 Ohm, 17R4, 250mW, R1206",Yageo,RC1206FR-0717R8P,Panasonic,ERJ-8ENF17R8V,Koa-Speer,RK73H2BTTDD17R8F
18R2,"Res, 18R2 Ohm, 17R8, 250mW, R1206",Yageo,RC1206FR-0718R2P,Panasonic,ERJ-8ENF18R2V,Koa-Speer,RK73H2BTTDD18R2F
18R7,"Res, 18R7 Ohm, 18R2, 250mW, R1206",Yageo,RC1206FR-0718R7P,Panasonic,ERJ-8ENF18R7V,Koa-Speer,RK73H2BTTDD18R7F
19R1,"Res, 19R1 Ohm, 18R7, 250mW, R1206",Yageo,RC1206FR-0719R1P,Panasonic,ERJ-8ENF19R1V,Koa-Speer,RK73H2BTTDD19R1F
19R6,"Res, 19R6 Ohm, 19R1, 250mW, R1206",Yageo,RC1206FR-0719R6P,Panasonic,ERJ-8ENF19R6V,Koa-Speer,RK73H2BTTDD19R6F
20R,"Res, 20R Ohm, 19R6, 250mW, R1206",Yageo,RC1206FR-0720RP,Panasonic,ERJ-8ENF20R0V,Koa-Speer,RK73H2BTTDD20R0F
20R5,"Res, 20R5 Ohm, 20R, 250mW, R1206",Yageo,RC1206FR-0720R5P,Panasonic,ERJ-8ENF20R5V,Koa-Speer,RK73H2BTTDD20R5F
21R,"Res, 21R Ohm, 20R5, 250mW, R1206",Yageo,RC1206FR-0721RP,Panasonic,ERJ-8ENF21R0V,Koa-Speer,RK73H2BTTDD21R0F
21R5,"Res, 21R5 Ohm, 21R, 250mW, R1206",Yageo,RC1206FR-0721R5P,Panasonic,ERJ-8ENF21R5V,Koa-Speer,RK73H2BTTDD21R5F
22R1,"Res, 22R1 Ohm, 21R5, 250mW, R1206",Yageo,RC1206FR-0722R1P,Panasonic,ERJ-8ENF22R1V,Koa-Speer,RK73H2BTTDD22R1F
22R6,"Res, 22R6 Ohm, 22R1, 250mW, R1206",Yageo,RC1206FR-0722R6P,Panasonic,ERJ-8ENF22R6V,Koa-Speer,RK73H2BTTDD22R6F
23R2,"Res, 23R2 Ohm, 22R6, 250mW, R1206",Yageo,RC1206FR-0723R2P,Panasonic,ERJ-8ENF23R2V,Koa-Speer,RK73H2BTTDD23R2F
23R7,"Res, 23R7 Ohm, 23R2, 250mW, R1206",Yageo,RC1206FR-0723R7P,Panasonic,ERJ-8ENF23R7V,Koa-Speer,RK73H2BTTDD23R7F
24R3,"Res, 24R3 Ohm, 23R7, 250mW, R1206",Yageo,RC1206FR-0724R3P,Panasonic,ERJ-8ENF24R3V,Koa-Speer,RK73H2BTTDD24R3F
24R9,"Res, 24R9 Ohm, 24R3, 250mW, R1206",Yageo,RC1206FR-0724R9P,Panasonic,ERJ-8ENF24R9V,Koa-Speer,RK73H2BTTDD24R9F
25R5,"Res, 25R5 Ohm, 24R9, 250mW, R1206",Yageo,RC1206FR-0725R5P,Panasonic,ERJ-8ENF25R5V,Koa-Speer,RK73H2BTTDD25R5F
26R1,"Res, 26R1 Ohm, 25R5, 250mW, R1206",Yageo,RC1206FR-0726R1P,Panasonic,ERJ-8ENF26R1V,Koa-Speer,RK73H2BTTDD26R1F
26R7,"Res, 26R7 Ohm, 26R1, 250mW, R1206",Yageo,RC1206FR-0726R7P,Panasonic,ERJ-8ENF26R7V,Koa-Speer,RK73H2BTTDD26R7F
27R4,"Res, 27R4 Ohm, 26R7, 250mW, R1206",Yageo,RC1206FR-0727R4P,Panasonic,ERJ-8ENF27R4V,Koa-Speer,RK73H2BTTDD27R4F
28R,"Res, 28R Ohm, 27R4, 250mW, R1206",Yageo,RC1206FR-0728RP,Panasonic,ERJ-8ENF28R0V,Koa-Speer,RK73H2BTTDD28R0F
28R7,"Res, 28R7 Ohm, 28R, 250mW, R1206",Yageo,RC1206FR-0728R7P,Panasonic,ERJ-8ENF28R7V,Koa-Speer,RK73H2BTTDD28R7F
29R4,"Res, 29R4 Ohm, 28R7, 250mW, R1206",Yageo,RC1206FR-0729R4P,Panasonic,ERJ-8ENF29R4V,Koa-Speer,RK73H2BTTDD29R4F
30R1,"Res, 30R1 Ohm, 29R4, 250mW, R1206",Yageo,RC1206FR-0730R1P,Panasonic,ERJ-8ENF30R1V,Koa-Speer,RK73H2BTTDD30R1F
30R9,"Res, 30R9 Ohm, 30R1, 250mW, R1206",Yageo,RC1206FR-0730R9P,Panasonic,ERJ-8ENF30R9V,Koa-Speer,RK73H2BTTDD30R9F
31R6,"Res, 31R6 Ohm, 30R9, 250mW, R1206",Yageo,RC1206FR-0731R6P,Panasonic,ERJ-8ENF31R6V,Koa-Speer,RK73H2BTTDD31R6F
32R4,"Res, 32R4 Ohm, 31R6, 250mW, R1206",Yageo,RC1206FR-0732R4P,Panasonic,ERJ-8ENF32R4V,Koa-Speer,RK73H2BTTDD32R4F
33R2,"Res, 33R2 Ohm, 32R4, 250mW, R1206",Yageo,RC1206FR-0733R2P,Panasonic,ERJ-8ENF33R2V,Koa-Speer,RK73H2BTTDD33R2F
34R,"Res, 34R Ohm, 33R2, 250mW, R1206",Yageo,RC1206FR-0734RP,Panasonic,ERJ-8ENF34R0V,Koa-Speer,RK73H2BTTDD34R0F
34R8,"Res, 34R8 Ohm, 34R, 250mW, R1206",Yageo,RC1206FR-0734R8P,Panasonic,ERJ-8ENF34R8V,Koa-Speer,RK73H2BTTDD34R8F
35R7,"Res, 35R7 Ohm, 34R8, 250mW, R1206",Yageo,RC1206FR-0735R7P,Panasonic,ERJ-8ENF35R7V,Koa-Speer,RK73H2BTTDD35R7F
36R5,"Res, 36R5 Ohm, 35R7, 250mW, R1206",Yageo,RC1206FR-0736R5P,Panasonic,ERJ-8ENF36R5V,Koa-Speer,RK73H2BTTDD36R5F
37R4,"Res, 37R4 Ohm, 36R5, 250mW, R1206",Yageo,RC1206FR-0737R4P,Panasonic,ERJ-8ENF37R4V,Koa-Speer,RK73H2BTTDD37R4F
38R3,"Res, 38R3 Ohm, 37R4, 250mW, R1206",Yageo,RC1206FR-0738R3P,Panasonic,ERJ-8ENF38R3V,Koa-Speer,RK73H2BTTDD38R3F
39R2,"Res, 39R2 Ohm, 38R3, 250mW, R1206",Yageo,RC1206FR-0739R2P,Panasonic,ERJ-8ENF39R2V,Koa-Speer,RK73H2BTTDD39R2F
40R2,"Res, 40R2 Ohm, 39R2, 250mW, R1206",Yageo,RC1206FR-0740R2P,Panasonic,ERJ-8ENF40R2V,Koa-Speer,RK73H2BTTDD40R2F
41R2,"Res, 41R2 Ohm, 40R2, 250mW, R1206",Yageo,RC1206FR-0741R2P,Panasonic,ERJ-8ENF41R2V,Koa-Speer,RK73H2BTTDD41R2F
42R2,"Res, 42R2 Ohm, 41R2, 250mW, R1206",Yageo,RC1206FR-0742R2P,Panasonic,ERJ-8ENF42R2V,Koa-Speer,RK73H2BTTDD42R2F
43R2,"Res, 43R2 Ohm, 42R2, 250mW, R1206",Yageo,RC1206FR-0743R2P,Panasonic,ERJ-8ENF43R2V,Koa-Speer,RK73H2BTTDD43R2F
44R2,"Res, 44R2 Ohm, 43R2, 250mW, R1206",Yageo,RC1206FR-0744R2P,Panasonic,ERJ-8ENF44R2V,Koa-Speer,RK73H2BTTDD44R2F
45R3,"Res, 45R3 Ohm, 44R2, 250mW, R1206",Yageo,RC1206FR-0745R3P,Panasonic,ERJ-8ENF45R3V,Koa-Speer,RK73H2BTTDD45R3F
46R4,"Res, 46R4 Ohm, 45R3, 250mW, R1206",Yageo,RC1206FR-0746R4P,Panasonic,ERJ-8ENF46R4V,Koa-Speer,RK73H2BTTDD46R4F
47R5,"Res, 47R5 Ohm, 46R4, 250mW, R1206",Yageo,RC1206FR-0747R5P,Panasonic,ERJ-8ENF47R5V,Koa-Speer,RK73H2BTTDD47R5F
48R7,"Res, 48R7 Ohm, 47R5, 250mW, R1206",Yageo,RC1206FR-0748R7P,Panasonic,ERJ-8ENF48R7V,Koa-Speer,RK73H2BTTDD48R7F
49R9,"Res, 49R9 Ohm, 48R7, 250mW, R1206",Yageo,RC1206FR-0749R9P,Panasonic,ERJ-8ENF49R9V,Koa-Speer,RK73H2BTTDD49R9F
51R1,"Res, 51R1 Ohm, 49R9, 250mW, R1206",Yageo,RC1206FR-0751R1P,Panasonic,ERJ-8ENF51R1V,Koa-Speer,RK73H2BTTDD51R1F
52R3,"Res, 52R3 Ohm, 51R1, 250mW, R1206",Yageo,RC1206FR-0752R3P,Panasonic,ERJ-8ENF52R3V,Koa-Speer,RK73H2BTTDD52R3F
53R6,"Res, 53R6 Ohm, 52R3, 250mW, R1206",Yageo,RC1206FR-0753R6P,Panasonic,ERJ-8ENF53R6V,Koa-Speer,RK73H2BTTDD53R6F
54R9,"Res, 54R9 Ohm, 53R6, 250mW, R1206",Yageo,RC1206FR-0754R9P,Panasonic,ERJ-8ENF54R9V,Koa-Speer,RK73H2BTTDD54R9F
56R2,"Res, 56R2 Ohm, 54R9, 250mW, R1206",Yageo,RC1206FR-0756R2P,Panasonic,ERJ-8ENF56R2V,Koa-Speer,RK73H2BTTDD56R2F
57R6,"Res, 57R6 Ohm, 56R2, 250mW, R1206",Yageo,RC1206FR-0757R6P,Panasonic,ERJ-8ENF57R6V,Koa-Speer,RK73H2BTTDD57R6F
59R,"Res, 59R Ohm, 57R6, 250mW, R1206",Yageo,RC1206FR-0759RP,Panasonic,ERJ-8ENF59R0V,Koa-Speer,RK73H2BTTDD59R0F
60R4,"Res, 60R4 Ohm, 59R, 250mW, R1206",Yageo,RC1206FR-0760R4P,Panasonic,ERJ-8ENF60R4V,Koa-Speer,RK73H2BTTDD60R4F
61R9,"Res, 61R9 Ohm, 60R4, 250mW, R1206",Yageo,RC1206FR-0761R9P,Panasonic,ERJ-8ENF61R9V,Koa-Speer,RK73H2BTTDD61R9F
63R4,"Res, 63R4 Ohm, 61R9, 250mW, R1206",Yageo,RC1206FR-0763R4P,Panasonic,ERJ-8ENF63R4V,Koa-Speer,RK73H2BTTDD63R4F
64R9,"Res, 64R9 Ohm, 63R4, 250mW, R1206",Yageo,RC1206FR-0764R9P,Panasonic,ERJ-8ENF64R9V,Koa-Speer,RK73H2BTTDD64R9F
66R5,"Res, 66R5 Ohm, 64R9, 250mW, R1206",Yageo,RC1206FR-0766R5P,Panasonic,ERJ-8ENF66R5V,Koa-Speer,RK73H2BTTDD66R5F
68R1,"Res, 68R1 Ohm, 66R5, 250mW, R1206",Yageo,RC1206FR-0768R1P,Panasonic,ERJ-8ENF68R1V,Koa-Speer,RK73H2BTTDD68R1F
69R8,"Res, 69R8 Ohm, 68R1, 250mW, R1206",Yageo,RC1206FR-0769R8P,Panasonic,ERJ-8ENF69R8V,Koa-Speer,RK73H2BTTDD69R8F
71R5,"Res, 71R5 Ohm, 69R8, 250mW, R1206",Yageo,RC1206FR-0771R5P,Panasonic,ERJ-8ENF71R5V,Koa-Speer,RK73H2BTTDD71R5F
73R2,"Res, 73R2 Ohm, 71R5, 250mW, R1206",Yageo,RC1206FR-0773R2P,Panasonic,ERJ-8ENF73R2V,Koa-Speer,RK73H2BTTDD73R2F
75R,"Res, 75R Ohm, 73R2, 250mW, R1206",Yageo,RC1206FR-0775RP,Panasonic,ERJ-8ENF75R0V,Koa-Speer,RK73H2BTTDD75R0F
76R8,"Res, 76R8 Ohm, 75R, 250mW, R1206",Yageo,RC1206FR-0776R8P,Panasonic,ERJ-8ENF76R8V,Koa-Speer,RK73H2BTTDD76R8F
78R7,"Res, 78R7 Ohm, 76R8, 250mW, R1206",Yageo,RC1206FR-0778R7P,Panasonic,ERJ-8ENF78R7V,Koa-Speer,RK73H2BTTDD78R7F
80R6,"Res, 80R6 Ohm, 78R7, 250mW, R1206",Yageo,RC1206FR-0780R6P,Panasonic,ERJ-8ENF80R6V,Koa-Speer,RK73H2BTTDD80R6F
82R5,"Res, 82R5 Ohm, 80R6, 250mW, R1206",Yageo,RC1206FR-0782R5P,Panasonic,ERJ-8ENF82R5V,Koa-Speer,RK73H2BTTDD82R5F
84R5,"Res, 84R5 Ohm, 82R5, 250mW, R1206",Yageo,RC1206FR-0784R5P,Panasonic,ERJ-8ENF84R5V,Koa-Speer,RK73H2BTTDD84R5F
86R6,"Res, 86R6 Ohm, 84R5, 250mW, R1206",Yageo,RC1206FR-0786R6P,Panasonic,ERJ-8ENF86R6V,Koa-Speer,RK73H2BTTDD86R6F
88R7,"Res, 88R7 Ohm, 86R6, 250mW, R1206",Yageo,RC1206FR-0788R7P,Panasonic,ERJ-8ENF88R7V,Koa-Speer,RK73H2BTTDD88R7F
90R9,"Res, 90R9 Ohm, 88R7, 250mW, R1206",Yageo,RC1206FR-0790R9P,Panasonic,ERJ-8ENF90R9V,Koa-Speer,RK73H2BTTDD90R9F
93R1,"Res, 93R1 Ohm, 90R9, 250mW, R1206",Yageo,RC1206FR-0793R1P,Panasonic,ERJ-8ENF93R1V,Koa-Speer,RK73H2BTTDD93R1F
95R3,"Res, 95R3 Ohm, 93R1, 250mW, R1206",Yageo,RC1206FR-0795R3P,Panasonic,ERJ-8ENF95R3V,Koa-Speer,RK73H2BTTDD95R3F
97R6,"Res, 97R6 Ohm, 95R3, 250mW, R1206",Yageo,RC1206FR-0797R6P,Panasonic,ERJ-8ENF97R6V,Koa-Speer,RK73H2BTTDD97R6F
100R,"Res, 100R Ohm, 97R6, 250mW, R1206",Yageo,RC1206FR-07100RP,Panasonic,ERJ-8ENF1000V,Koa-Speer,RK73H2BTTDD1000F
102R,"Res, 102R Ohm, 100R, 250mW, R1206",Yageo,RC1206FR-07102RP,Panasonic,ERJ-8ENF1020V,Koa-Speer,RK73H2BTTDD1020F
105R,"Res, 105R Ohm, 102R, 250mW, R1206",Yageo,RC1206FR-07105RP,Panasonic,ERJ-8ENF1050V,Koa-Speer,RK73H2BTTDD1050F
107R,"Res, 107R Ohm, 105R, 250mW, R1206",Yageo,RC1206FR-07107RP,Panasonic,ERJ-8ENF1070V,Koa-Speer,RK73H2BTTDD1070F
110R,"Res, 110R Ohm, 107R, 250mW, R1206",Yageo,RC1206FR-07110RP,Panasonic,ERJ-8ENF1100V,Koa-Speer,RK73H2BTTDD1100F
113R,"Res, 113R Ohm, 110R, 250mW, R1206",Yageo,RC1206FR-07113RP,Panasonic,ERJ-8ENF1130V,Koa-Speer,RK73H2BTTDD1130F
115R,"Res, 115R Ohm, 113R, 250mW, R1206",Yageo,RC1206FR-07115RP,Panasonic,ERJ-8ENF1150V,Koa-Speer,RK73H2BTTDD1150F
118R,"Res, 118R Ohm, 115R, 250mW, R1206",Yageo,RC1206FR-07118RP,Panasonic,ERJ-8ENF1180V,Koa-Speer,RK73H2BTTDD1180F
121R,"Res, 121R Ohm, 118R, 250mW, R1206",Yageo,RC1206FR-07121RP,Panasonic,ERJ-8ENF1210V,Koa-Speer,RK73H2BTTDD1210F
124R,"Res, 124R Ohm, 121R, 250mW, R1206",Yageo,RC1206FR-07124RP,Panasonic,ERJ-8ENF1240V,Koa-Speer,RK73H2BTTDD1240F
127R,"Res, 127R Ohm, 124R, 250mW, R1206",Yageo,RC1206FR-07127RP,Panasonic,ERJ-8ENF1270V,Koa-Speer,RK73H2BTTDD1270F
130R,"Res, 130R Ohm, 127R, 250mW, R1206",Yageo,RC1206FR-07130RP,Panasonic,ERJ-8ENF1300V,Koa-Speer,RK73H2BTTDD1300F
133R,"Res, 133R Ohm, 130R, 250mW, R1206",Yageo,RC1206FR-07133RP,Panasonic,ERJ-8ENF1330V,Koa-Speer,RK73H2BTTDD1330F
137R,"Res, 137R Ohm, 133R, 250mW, R1206",Yageo,RC1206FR-07137RP,Panasonic,ERJ-8ENF1370V,Koa-Speer,RK73H2BTTDD1370F
140R,"Res, 140R Ohm, 137R, 250mW, R1206",Yageo,RC1206FR-07140RP,Panasonic,ERJ-8ENF1400V,Koa-Speer,RK73H2BTTDD1400F
143R,"Res, 143R Ohm, 140R, 250mW, R1206",Yageo,RC1206FR-07143RP,Panasonic,ERJ-8ENF1430V,Koa-Speer,RK73H2BTTDD1430F
147R,"Res, 147R Ohm, 143R, 250mW, R1206",Yageo,RC1206FR-07147RP,Panasonic,ERJ-8ENF1470V,Koa-Speer,RK73H2BTTDD1470F
150R,"Res, 150R Ohm, 147R, 250mW, R1206",Yageo,RC1206FR-07150RP,Panasonic,ERJ-8ENF1500V,Koa-Speer,RK73H2BTTDD1500F
154R,"Res, 154R Ohm, 150R, 250mW, R1206",Yageo,RC1206FR-07154RP,Panasonic,ERJ-8ENF1540V,Koa-Speer,RK73H2BTTDD1540F
158R,"Res, 158R Ohm, 154R, 250mW, R1206",Yageo,RC1206FR-07158RP,Panasonic,ERJ-8ENF1580V,Koa-Speer,RK73H2BTTDD1580F
162R,"Res, 162R Ohm, 158R, 250mW, R1206",Yageo,RC1206FR-07162RP,Panasonic,ERJ-8ENF1620V,Koa-Speer,RK73H2BTTDD1620F
165R,"Res, 165R Ohm, 162R, 250mW, R1206",Yageo,RC1206FR-07165RP,Panasonic,ERJ-8ENF1650V,Koa-Speer,RK73H2BTTDD1650F
169R,"Res, 169R Ohm, 165R, 250mW, R1206",Yageo,RC1206FR-07169RP,Panasonic,ERJ-8ENF1690V,Koa-Speer,RK73H2BTTDD1690F
174R,"Res, 174R Ohm, 169R, 250mW, R1206",Yageo,RC1206FR-07174RP,Panasonic,ERJ-8ENF1740V,Koa-Speer,RK73H2BTTDD1740F
178R,"Res, 178R Ohm, 174R, 250mW, R1206",Yageo,RC1206FR-07178RP,Panasonic,ERJ-8ENF1780V,Koa-Speer,RK73H2BTTDD1780F
182R,"Res, 182R Ohm, 178R, 250mW, R1206",Yageo,RC1206FR-07182RP,Panasonic,ERJ-8ENF1820V,Koa-Speer,RK73H2BTTDD1820F
187R,"Res, 187R Ohm, 182R, 250mW, R1206",Yageo,RC1206FR-07187RP,Panasonic,ERJ-8ENF1870V,Koa-Speer,RK73H2BTTDD1870F
191R,"Res, 191R Ohm, 187R, 250mW, R1206",Yageo,RC1206FR-07191RP,Panasonic,ERJ-8ENF1910V,Koa-Speer,RK73H2BTTDD1910F
196R,"Res, 196R Ohm, 191R, 250mW, R1206",Yageo,RC1206FR-07196RP,Panasonic,ERJ-8ENF1960V,Koa-Speer,RK73H2BTTDD1960F
200R,"Res, 200R Ohm, 196R, 250mW, R1206",Yageo,RC1206FR-07200RP,Panasonic,ERJ-8ENF2000V,Koa-Speer,RK73H2BTTDD2000F
205R,"Res, 205R Ohm, 200R, 250mW, R1206",Yageo,RC1206FR-07205RP,Panasonic,ERJ-8ENF2050V,Koa-Speer,RK73H2BTTDD2050F
210R,"Res, 210R Ohm, 205R, 250mW, R1206",Yageo,RC1206FR-07210RP,Panasonic,ERJ-8ENF2100V,Koa-Speer,RK73H2BTTDD2100F
215R,"Res, 215R Ohm, 210R, 250mW, R1206",Yageo,RC1206FR-07215RP,Panasonic,ERJ-8ENF2150V,Koa-Speer,RK73H2BTTDD2150F
221R,"Res, 221R Ohm, 215R, 250mW, R1206",Yageo,RC1206FR-07221RP,Panasonic,ERJ-8ENF2210V,Koa-Speer,RK73H2BTTDD2210F
226R,"Res, 226R Ohm, 221R, 250mW, R1206",Yageo,RC1206FR-07226RP,Panasonic,ERJ-8ENF2260V,Koa-Speer,RK73H2BTTDD2260F
232R,"Res, 232R Ohm, 226R, 250mW, R1206",Yageo,RC1206FR-07232RP,Panasonic,ERJ-8ENF2320V,Koa-Speer,RK73H2BTTDD2320F
237R,"Res, 237R Ohm, 232R, 250mW, R1206",Yageo,RC1206FR-07237RP,Panasonic,ERJ-8ENF2370V,Koa-Speer,RK73H2BTTDD2370F
243R,"Res, 243R Ohm, 237R, 250mW, R1206",Yageo,RC1206FR-07243RP,Panasonic,ERJ-8ENF2430V,Koa-Speer,RK73H2BTTDD2430F
249R,"Res, 249R Ohm, 243R, 250mW, R1206",Yageo,RC1206FR-07249RP,Panasonic,ERJ-8ENF2490V,Koa-Speer,RK73H2BTTDD2490F
255R,"Res, 255R Ohm, 249R, 250mW, R1206",Yageo,RC1206FR-07255RP,Panasonic,ERJ-8ENF2550V,Koa-Speer,RK73H2BTTDD2550F
261R,"Res, 261R Ohm, 255R, 250mW, R1206",Yageo,RC1206FR-07261RP,Panasonic,ERJ-8ENF2610V,Koa-Speer,RK73H2BTTDD2610F
267R,"Res, 267R Ohm, 261R, 250mW, R1206",Yageo,RC1206FR-07267RP,Panasonic,ERJ-8ENF2670V,Koa-Speer,RK73H2BTTDD2670F
274R,"Res, 274R Ohm, 267R, 250mW, R1206",Yageo,RC1206FR-07274RP,Panasonic,ERJ-8ENF2740V,Koa-Speer,RK73H2BTTDD2740F
280R,"Res, 280R Ohm, 274R, 250mW, R1206",Yageo,RC1206FR-07280RP,Panasonic,ERJ-8ENF2800V,Koa-Speer,RK73H2BTTDD2800F
287R,"Res, 287R Ohm, 280R, 250mW, R1206",Yageo,RC1206FR-07287RP,Panasonic,ERJ-8ENF2870V,Koa-Speer,RK73H2BTTDD2870F
294R,"Res, 294R Ohm, 287R, 250mW, R1206",Yageo,RC1206FR-07294RP,Panasonic,ERJ-8ENF2940V,Koa-Speer,RK73H2BTTDD2940F
301R,"Res, 301R Ohm, 294R, 250mW, R1206",Yageo,RC1206FR-07301RP,Panasonic,ERJ-8ENF3010V,Koa-Speer,RK73H2BTTDD3010F
309R,"Res, 309R Ohm, 301R, 250mW, R1206",Yageo,RC1206FR-07309RP,Panasonic,ERJ-8ENF3090V,Koa-Speer,RK73H2BTTDD3090F
316R,"Res, 316R Ohm, 309R, 250mW, R1206",Yageo,RC1206FR-07316RP,Panasonic,ERJ-8ENF3160V,Koa-Speer,RK73H2BTTDD3160F
324R,"Res, 324R Ohm, 316R, 250mW, R1206",Yageo,RC1206FR-07324RP,Panasonic,ERJ-8ENF3240V,Koa-Speer,RK73H2BTTDD3240F
332R,"Res, 332R Ohm, 324R, 250mW, R1206",Yageo,RC1206FR-07332RP,Panasonic,ERJ-8ENF3320V,Koa-Speer,RK73H2BTTDD3320F
340R,"Res, 340R Ohm, 332R, 250mW, R1206",Yageo,RC1206FR-07340RP,Panasonic,ERJ-8ENF3400V,Koa-Speer,RK73H2BTTDD3400F
348R,"Res, 348R Ohm, 340R, 250mW, R1206",Yageo,RC1206FR-07348RP,Panasonic,ERJ-8ENF3480V,Koa-Speer,RK73H2BTTDD3480F
357R,"Res, 357R Ohm, 348R, 250mW, R1206",Yageo,RC1206FR-07357RP,Panasonic,ERJ-8ENF3570V,Koa-Speer,RK73H2BTTDD3570F
365R,"Res, 365R Ohm, 357R, 250mW, R1206",Yageo,RC1206FR-07365RP,Panasonic,ERJ-8ENF3650V,Koa-Speer,RK73H2BTTDD3650F
374R,"Res, 374R Ohm, 365R, 250mW, R1206",Yageo,RC1206FR-07374RP,Panasonic,ERJ-8ENF3740V,Koa-Speer,RK73H2BTTDD3740F
383R,"Res, 383R Ohm, 374R, 250mW, R1206",Yageo,RC1206FR-07383RP,Panasonic,ERJ-8ENF3830V,Koa-Speer,RK73H2BTTDD3830F
392R,"Res, 392R Ohm, 383R, 250mW, R1206",Yageo,RC1206FR-07392RP,Panasonic,ERJ-8ENF3920V,Koa-Speer,RK73H2BTTDD3920F
402R,"Res, 402R Ohm, 392R, 250mW, R1206",Yageo,RC1206FR-07402RP,Panasonic,ERJ-8ENF4020V,Koa-Speer,RK73H2BTTDD4020F
412R,"Res, 412R Ohm, 402R, 250mW, R1206",Yageo,RC1206FR-07412RP,Panasonic,ERJ-8ENF4120V,Koa-Speer,RK73H2BTTDD4120F
422R,"Res, 422R Ohm, 412R, 250mW, R1206",Yageo,RC1206FR-07422RP,Panasonic,ERJ-8ENF4220V,Koa-Speer,RK73H2BTTDD4220F
432R,"Res, 432R Ohm, 422R, 250mW, R1206",Yageo,RC1206FR-07432RP,Panasonic,ERJ-8ENF4320V,Koa-Speer,RK73H2BTTDD4320F
442R,"Res, 442R Ohm, 432R, 250mW, R1206",Yageo,RC1206FR-07442RP,Panasonic,ERJ-8ENF4420V,Koa-Speer,RK73H2BTTDD4420F
453R,"Res, 453R Ohm, 442R, 250mW, R1206",Yageo,RC1206FR-07453RP,Panasonic,ERJ-8ENF4530V,Koa-Speer,RK73H2BTTDD4530F
464R,"Res, 464R Ohm, 453R, 250mW, R1206",Yageo,RC1206FR-07464RP,Panasonic,ERJ-8ENF4640V,Koa-Speer,RK73H2BTTDD4640F
475R,"Res, 475R Ohm, 464R, 250mW, R1206",Yageo,RC1206FR-07475RP,Panasonic,ERJ-8ENF4750V,Koa-Speer,RK73H2BTTDD4750F
487R,"Res, 487R Ohm, 475R, 250mW, R1206",Yageo,RC1206FR-07487RP,Panasonic,ERJ-8ENF4870V,Koa-Speer,RK73H2BTTDD4870F
499R,"Res, 499R Ohm, 487R, 250mW, R1206",Yageo,RC1206FR-07499RP,Panasonic,ERJ-8ENF4990V,Koa-Speer,RK73H2BTTDD4990F
511R,"Res, 511R Ohm, 499R, 250mW, R1206",Yageo,RC1206FR-07511RP,Panasonic,ERJ-8ENF5110V,Koa-Speer,RK73H2BTTDD5110F
523R,"Res, 523R Ohm, 511R, 250mW, R1206",Yageo,RC1206FR-07523RP,Panasonic,ERJ-8ENF5230V,Koa-Speer,RK73H2BTTDD5230F
536R,"Res, 536R Ohm, 523R, 250mW, R1206",Yageo,RC1206FR-07536RP,Panasonic,ERJ-8ENF5360V,Koa-Speer,RK73H2BTTDD5360F
549R,"Res, 549R Ohm, 536R, 250mW, R1206",Yageo,RC1206FR-07549RP,Panasonic,ERJ-8ENF5490V,Koa-Speer,RK73H2BTTDD5490F
562R,"Res, 562R Ohm, 549R, 250mW, R1206",Yageo,RC1206FR-07562RP,Panasonic,ERJ-8ENF5620V,Koa-Speer,RK73H2BTTDD5620F
576R,"Res, 576R Ohm, 562R, 250mW, R1206",Yageo,RC1206FR-07576RP,Panasonic,ERJ-8ENF5760V,Koa-Speer,RK73H2BTTDD5760F
590R,"Res, 590R Ohm, 576R, 250mW, R1206",Yageo,RC1206FR-07590RP,Panasonic,ERJ-8ENF5900V,Koa-Speer,RK73H2BTTDD5900F
604R,"Res, 604R Ohm, 590R, 250mW, R1206",Yageo,RC1206FR-07604RP,Panasonic,ERJ-8ENF6040V,Koa-Speer,RK73H2BTTDD6040F
619R,"Res, 619R Ohm, 604R, 250mW, R1206",Yageo,RC1206FR-07619RP,Panasonic,ERJ-8ENF6190V,Koa-Speer,RK73H2BTTDD6190F
634R,"Res, 634R Ohm, 619R, 250mW, R1206",Yageo,RC1206FR-07634RP,Panasonic,ERJ-8ENF6340V,Koa-Speer,RK73H2BTTDD6340F
649R,"Res, 649R Ohm, 634R, 250mW, R1206",Yageo,RC1206FR-07649RP,Panasonic,ERJ-8ENF6490V,Koa-Speer,RK73H2BTTDD6490F
665R,"Res, 665R Ohm, 649R, 250mW, R1206",Yageo,RC1206FR-07665RP,Panasonic,ERJ-8ENF6650V,Koa-Speer,RK73H2BTTDD6650F
681R,"Res, 681R Ohm, 665R, 250mW, R1206",Yageo,RC1206FR-07681RP,Panasonic,ERJ-8ENF6810V,Koa-Speer,RK73H2BTTDD6810F
698R,"Res, 698R Ohm, 681R, 250mW, R1206",Yageo,RC1206FR-07698RP,Panasonic,ERJ-8ENF6980V,Koa-Speer,RK73H2BTTDD6980F
715R,"Res, 715R Ohm, 698R, 250mW, R1206",Yageo,RC1206FR-07715RP,Panasonic,ERJ-8ENF7150V,Koa-Speer,RK73H2BTTDD7150F
732R,"Res, 732R Ohm, 715R, 250mW, R1206",Yageo,RC1206FR-07732RP,Panasonic,ERJ-8ENF7320V,Koa-Speer,RK73H2BTTDD7320F
750R,"Res, 750R Ohm, 732R, 250mW, R1206",Yageo,RC1206FR-07750RP,Panasonic,ERJ-8ENF7500V,Koa-Speer,RK73H2BTTDD7500F
768R,"Res, 768R Ohm, 750R, 250mW, R1206",Yageo,RC1206FR-07768RP,Panasonic,ERJ-8ENF7680V,Koa-Speer,RK73H2BTTDD7680F
787R,"Res, 787R Ohm, 768R, 250mW, R1206",Yageo,RC1206FR-07787RP,Panasonic,ERJ-8ENF7870V,Koa-Speer,RK73H2BTTDD7870F
806R,"Res, 806R Ohm, 787R, 250mW, R1206",Yageo,RC1206FR-07806RP,Panasonic,ERJ-8ENF8060V,Koa-Speer,RK73H2BTTDD8060F
825R,"Res, 825R Ohm, 806R, 250mW, R1206",Yageo,RC1206FR-07825RP,Panasonic,ERJ-8ENF8250V,Koa-Speer,RK73H2BTTDD8250F
845R,"Res, 845R Ohm, 825R, 250mW, R1206",Yageo,RC1206FR-07845RP,Panasonic,ERJ-8ENF8450V,Koa-Speer,RK73H2BTTDD8450F
866R,"Res, 866R Ohm, 845R, 250mW, R1206",Yageo,RC1206FR-07866RP,Panasonic,ERJ-8ENF8660V,Koa-Speer,RK73H2BTTDD8660F
887R,"Res, 887R Ohm, 866R, 250mW, R1206",Yageo,RC1206FR-07887RP,Panasonic,ERJ-8ENF8870V,Koa-Speer,RK73H2BTTDD8870F
909R,"Res, 909R Ohm, 887R, 250mW, R1206",Yageo,RC1206FR-07909RP,Panasonic,ERJ-8ENF9090V,Koa-Speer,RK73H2BTTDD9090F
931R,"Res, 931R Ohm, 909R, 250mW, R1206",Yageo,RC1206FR-07931RP,Panasonic,ERJ-8ENF9310V,Koa-Speer,RK73H2BTTDD9310F
953R,"Res, 953R Ohm, 931R, 250mW, R1206",Yageo,RC1206FR-07953RP,Panasonic,ERJ-8ENF9530V,Koa-Speer,RK73H2BTTDD9530F
976R,"Res, 976R Ohm, 953R, 250mW, R1206",Yageo,RC1206FR-07976RP,Panasonic,ERJ-8ENF9760V,Koa-Speer,RK73H2BTTDD9760F
1K,"Res, 1K Ohm, 976R, 250mW, R1206",Yageo,RC1206FR-071KP,Panasonic,ERJ-8ENF1001V,Koa-Speer,RK73H2BTTDD1001F
1K02,"Res, 1K02 Ohm, 1K, 250mW, R1206",Yageo,RC1206FR-071K02P,Panasonic,ERJ-8ENF1021V,Koa-Speer,RK73H2BTTDD1021F
1K05,"Res, 1K05 Ohm, 1K02, 250mW, R1206",Yageo,RC1206FR-071K05P,Panasonic,ERJ-8ENF1051V,Koa-Speer,RK73H2BTTDD1051F
1K07,"Res, 1K07 Ohm, 1K05, 250mW, R1206",Yageo,RC1206FR-071K07P,Panasonic,ERJ-8ENF1071V,Koa-Speer,RK73H2BTTDD1071F
1K1,"Res, 1K1 Ohm, 1K07, 250mW, R1206",Yageo,RC1206FR-071K1P,Panasonic,ERJ-8ENF1101V,Koa-Speer,RK73H2BTTDD1101F
1K13,"Res, 1K13 Ohm, 1K1, 250mW, R1206",Yageo,RC1206FR-071K13P,Panasonic,ERJ-8ENF1131V,Koa-Speer,RK73H2BTTDD1131F
1K15,"Res, 1K15 Ohm, 1K13, 250mW, R1206",Yageo,RC1206FR-071K15P,Panasonic,ERJ-8ENF1151V,Koa-Speer,RK73H2BTTDD1151F
1K18,"Res, 1K18 Ohm, 1K15, 250mW, R1206",Yageo,RC1206FR-071K18P,Panasonic,ERJ-8ENF1181V,Koa-Speer,RK73H2BTTDD1181F
1K21,"Res, 1K21 Ohm, 1K18, 250mW, R1206",Yageo,RC1206FR-071K21P,Panasonic,ERJ-8ENF1211V,Koa-Speer,RK73H2BTTDD1211F
1K24,"Res, 1K24 Ohm, 1K21, 250mW, R1206",Yageo,RC1206FR-071K24P,Panasonic,ERJ-8ENF1241V,Koa-Speer,RK73H2BTTDD1241F
1K27,"Res, 1K27 Ohm, 1K24, 250mW, R1206",Yageo,RC1206FR-071K27P,Panasonic,ERJ-8ENF1271V,Koa-Speer,RK73H2BTTDD1271F
1K3,"Res, 1K3 Ohm, 1K27, 250mW, R1206",Yageo,RC1206FR-071K3P,Panasonic,ERJ-8ENF1301V,Koa-Speer,RK73H2BTTDD1301F
1K33,"Res, 1K33 Ohm, 1K3, 250mW, R1206",Yageo,RC1206FR-071K33P,Panasonic,ERJ-8ENF1331V,Koa-Speer,RK73H2BTTDD1331F
1K37,"Res, 1K37 Ohm, 1K33, 250mW, R1206",Yageo,RC1206FR-071K37P,Panasonic,ERJ-8ENF1371V,Koa-Speer,RK73H2BTTDD1371F
1K4,"Res, 1K4 Ohm, 1K37, 250mW, R1206",Yageo,RC1206FR-071K4P,Panasonic,ERJ-8ENF1401V,Koa-Speer,RK73H2BTTDD1401F
1K43,"Res, 1K43 Ohm, 1K4, 250mW, R1206",Yageo,RC1206FR-071K43P,Panasonic,ERJ-8ENF1431V,Koa-Speer,RK73H2BTTDD1431F
1K47,"Res, 1K47 Ohm, 1K43, 250mW, R1206",Yageo,RC1206FR-071K47P,Panasonic,ERJ-8ENF1471V,Koa-Speer,RK73H2BTTDD1471F
1K5,"Res, 1K5 Ohm, 1K47, 250mW, R1206",Yageo,RC1206FR-071K5P,Panasonic,ERJ-8ENF1501V,Koa-Speer,RK73H2BTTDD1501F
1K54,"Res, 1K54 Ohm, 1K5, 250mW, R1206",Yageo,RC1206FR-071K54P,Panasonic,ERJ-8ENF1541V,Koa-Speer,RK73H2BTTDD1541F
1K58,"Res, 1K58 Ohm, 1K54, 250mW, R1206",Yageo,RC1206FR-071K58P,Panasonic,ERJ-8ENF1581V,Koa-Speer,RK73H2BTTDD1581F
1K62,"Res, 1K62 Ohm, 1K58, 250mW, R1206",Yageo,RC1206FR-071K62P,Panasonic,ERJ-8ENF1621V,Koa-Speer,RK73H2BTTDD1621F
1K65,"Res, 1K65 Ohm, 1K62, 250mW, R1206",Yageo,RC1206FR-071K65P,Panasonic,ERJ-8ENF1651V,Koa-Speer,RK73H2BTTDD1651F
1K69,"Res, 1K69 Ohm, 1K65, 250mW, R1206",Yageo,RC1206FR-071K69P,Panasonic,ERJ-8ENF1691V,Koa-Speer,RK73H2BTTDD1691F
1K74,"Res, 1K74 Ohm, 1K69, 250mW, R1206",Yageo,RC1206FR-071K74P,Panasonic,ERJ-8ENF1741V,Koa-Speer,RK73H2BTTDD1741F
1K78,"Res, 1K78 Ohm, 1K74, 250mW, R1206",Yageo,RC1206FR-071K78P,Panasonic,ERJ-8ENF1781V,Koa-Speer,RK73H2BTTDD1781F
1K82,"Res, 1K82 Ohm, 1K78, 250mW, R1206",Yageo,RC1206FR-071K82P,Panasonic,ERJ-8ENF1821V,Koa-Speer,RK73H2BTTDD1821F
1K87,"Res, 1K87 Ohm, 1K82, 250mW, R1206",Yageo,RC1206FR-071K87P,Panasonic,ERJ-8ENF1871V,Koa-Speer,RK73H2BTTDD1871F
1K91,"Res, 1K91 Ohm, 1K87, 250mW, R1206",Yageo,RC1206FR-071K91P,Panasonic,ERJ-8ENF1911V,Koa-Speer,RK73H2BTTDD1911F
1K96,"Res, 1K96 Ohm, 1K91, 250mW, R1206",Yageo,RC1206FR-071K96P,Panasonic,ERJ-8ENF1961V,Koa-Speer,RK73H2BTTDD1961F
2K,"Res, 2K Ohm, 1K96, 250mW, R1206",Yageo,RC1206FR-072KP,Panasonic,ERJ-8ENF2001V,Koa-Speer,RK73H2BTTDD2001F
2K05,"Res, 2K05 Ohm, 2K, 250mW, R1206",Yageo,RC1206FR-072K05P,Panasonic,ERJ-8ENF2051V,Koa-Speer,RK73H2BTTDD2051F
2K1,"Res, 2K1 Ohm, 2K05, 250mW, R1206",Yageo,RC1206FR-072K1P,Panasonic,ERJ-8ENF2101V,Koa-Speer,RK73H2BTTDD2101F
2K15,"Res, 2K15 Ohm, 2K1, 250mW, R1206",Yageo,RC1206FR-072K15P,Panasonic,ERJ-8ENF2151V,Koa-Speer,RK73H2BTTDD2151F
2K21,"Res, 2K21 Ohm, 2K15, 250mW, R1206",Yageo,RC1206FR-072K21P,Panasonic,ERJ-8ENF2211V,Koa-Speer,RK73H2BTTDD2211F
2K26,"Res, 2K26 Ohm, 2K21, 250mW, R1206",Yageo,RC1206FR-072K26P,Panasonic,ERJ-8ENF2261V,Koa-Speer,RK73H2BTTDD2261F
2K32,"Res, 2K32 Ohm, 2K26, 250mW, R1206",Yageo,RC1206FR-072K32P,Panasonic,ERJ-8ENF2321V,Koa-Speer,RK73H2BTTDD2321F
2K37,"Res, 2K37 Ohm, 2K32, 250mW, R1206",Yageo,RC1206FR-072K37P,Panasonic,ERJ-8ENF2371V,Koa-Speer,RK73H2BTTDD2371F
2K43,"Res, 2K43 Ohm, 2K37, 250mW, R1206",Yageo,RC1206FR-072K43P,Panasonic,ERJ-8ENF2431V,Koa-Speer,RK73H2BTTDD2431F
2K49,"Res, 2K49 Ohm, 2K43, 250mW, R1206",Yageo,RC1206FR-072K49P,Panasonic,ERJ-8ENF2491V,Koa-Speer,RK73H2BTTDD2491F
2K55,"Res, 2K55 Ohm, 2K49, 250mW, R1206",Yageo,RC1206FR-072K55P,Panasonic,ERJ-8ENF2551V,Koa-Speer,RK73H2BTTDD2551F
2K61,"Res, 2K61 Ohm, 2K55, 250mW, R1206",Yageo,RC1206FR-072K61P,Panasonic,ERJ-8ENF2611V,Koa-Speer,RK73H2BTTDD2611F
2K67,"Res, 2K67 Ohm, 2K61, 250mW, R1206",Yageo,RC1206FR-072K67P,Panasonic,ERJ-8ENF2671V,Koa-Speer,RK73H2BTTDD2671F
2K74,"Res, 2K74 Ohm, 2K67, 250mW, R1206",Yageo,RC1206FR-072K74P,Panasonic,ERJ-8ENF2741V,Koa-Speer,RK73H2BTTDD2741F
2K8,"Res, 2K8 Ohm, 2K74, 250mW, R1206",Yageo,RC1206FR-072K8P,Panasonic,ERJ-8ENF2801V,Koa-Speer,RK73H2BTTDD2801F
2K87,"Res, 2K87 Ohm, 2K8, 250mW, R1206",Yageo,RC1206FR-072K87P,Panasonic,ERJ-8ENF2871V,Koa-Speer,RK73H2BTTDD2871F
2K94,"Res, 2K94 Ohm, 2K87, 250mW, R1206",Yageo,RC1206FR-072K94P,Panasonic,ERJ-8ENF2941V,Koa-Speer,RK73H2BTTDD2941F
3K01,"Res, 3K01 Ohm, 2K94, 250mW, R1206",Yageo,RC1206FR-073K01P,Panasonic,ERJ-8ENF3011V,Koa-Speer,RK73H2BTTDD3011F
3K09,"Res, 3K09 Ohm, 3K01, 250mW, R1206",Yageo,RC1206FR-073K09P,Panasonic,ERJ-8ENF3091V,Koa-Speer,RK73H2BTTDD3091F
3K16,"Res, 3K16 Ohm, 3K09, 250mW, R1206",Yageo,RC1206FR-073K16P,Panasonic,ERJ-8ENF3161V,Koa-Speer,RK73H2BTTDD3161F
3K24,"Res, 3K24 Ohm, 3K16, 250mW, R1206",Yageo,RC1206FR-073K24P,Panasonic,ERJ-8ENF3241V,Koa-Speer,RK73H2BTTDD3241F
3K32,"Res, 3K32 Ohm, 3K24, 250mW, R1206",Yageo,RC1206FR-073K32P,Panasonic,ERJ-8ENF3321V,Koa-Speer,RK73H2BTTDD3321F
3K4,"Res, 3K4 Ohm, 3K32, 250mW, R1206",Yageo,RC1206FR-073K4P,Panasonic,ERJ-8ENF3401V,Koa-Speer,RK73H2BTTDD3401F
3K48,"Res, 3K48 Ohm, 3K4, 250mW, R1206",Yageo,RC1206FR-073K48P,Panasonic,ERJ-8ENF3481V,Koa-Speer,RK73H2BTTDD3481F
3K57,"Res, 3K57 Ohm, 3K48, 250mW, R1206",Yageo,RC1206FR-073K57P,Panasonic,ERJ-8ENF3571V,Koa-Speer,RK73H2BTTDD3571F
3K65,"Res, 3K65 Ohm, 3K57, 250mW, R1206",Yageo,RC1206FR-073K65P,Panasonic,ERJ-8ENF3651V,Koa-Speer,RK73H2BTTDD3651F
3K74,"Res, 3K74 Ohm, 3K65, 250mW, R1206",Yageo,RC1206FR-073K74P,Panasonic,ERJ-8ENF3741V,Koa-Speer,RK73H2BTTDD3741F
3K83,"Res, 3K83 Ohm, 3K74, 250mW, R1206",Yageo,RC1206FR-073K83P,Panasonic,ERJ-8ENF3831V,Koa-Speer,RK73H2BTTDD3831F
3K92,"Res, 3K92 Ohm, 3K83, 250mW, R1206",Yageo,RC1206FR-073K92P,Panasonic,ERJ-8ENF3921V,Koa-Speer,RK73H2BTTDD3921F
4K02,"Res, 4K02 Ohm, 3K92, 250mW, R1206",Yageo,RC1206FR-074K02P,Panasonic,ERJ-8ENF4021V,Koa-Speer,RK73H2BTTDD4021F
4K12,"Res, 4K12 Ohm, 4K02, 250mW, R1206",Yageo,RC1206FR-074K12P,Panasonic,ERJ-8ENF4121V,Koa-Speer,RK73H2BTTDD4121F
4K22,"Res, 4K22 Ohm, 4K12, 250mW, R1206",Yageo,RC1206FR-074K22P,Panasonic,ERJ-8ENF4221V,Koa-Speer,RK73H2BTTDD4221F
4K32,"Res, 4K32 Ohm, 4K22, 250mW, R1206",Yageo,RC1206FR-074K32P,Panasonic,ERJ-8ENF4321V,Koa-Speer,RK73H2BTTDD4321F
4K42,"Res, 4K42 Ohm, 4K32, 250mW, R1206",Yageo,RC1206FR-074K42P,Panasonic,ERJ-8ENF4421V,Koa-Speer,RK73H2BTTDD4421F
4K53,"Res, 4K53 Ohm, 4K42, 250mW, R1206",Yageo,RC1206FR-074K53P,Panasonic,ERJ-8ENF4531V,Koa-Speer,RK73H2BTTDD4531F
4K64,"Res, 4K64 Ohm, 4K53, 250mW, R1206",Yageo,RC1206FR-074K64P,Panasonic,ERJ-8ENF4641V,Koa-Speer,RK73H2BTTDD4641F
4K75,"Res, 4K75 Ohm, 4K64, 250mW, R1206",Yageo,RC1206FR-074K75P,Panasonic,ERJ-8ENF4751V,Koa-Speer,RK73H2BTTDD4751F
4K87,"Res, 4K87 Ohm, 4K75, 250mW, R1206",Yageo,RC1206FR-074K87P,Panasonic,ERJ-8ENF4871V,Koa-Speer,RK73H2BTTDD4871F
4K99,"Res, 4K99 Ohm, 4K87, 250mW, R1206",Yageo,RC1206FR-074K99P,Panasonic,ERJ-8ENF4991V,Koa-Speer,RK73H2BTTDD4991F
5K11,"Res, 5K11 Ohm, 4K99, 250mW, R1206",Yageo,RC1206FR-075K11P,Panasonic,ERJ-8ENF5111V,Koa-Speer,RK73H2BTTDD5111F
5K23,"Res, 5K23 Ohm, 5K11, 250mW, R1206",Yageo,RC1206FR-075K23P,Panasonic,ERJ-8ENF5231V,Koa-Speer,RK73H2BTTDD5231F
5K36,"Res, 5K36 Ohm, 5K23, 250mW, R1206",Yageo,RC1206FR-075K36P,Panasonic,ERJ-8ENF5361V,Koa-Speer,RK73H2BTTDD5361F
5K49,"Res, 5K49 Ohm, 5K36, 250mW, R1206",Yageo,RC1206FR-075K49P,Panasonic,ERJ-8ENF5491V,Koa-Speer,RK73H2BTTDD5491F
5K62,"Res, 5K62 Ohm, 5K49, 250mW, R1206",Yageo,RC1206FR-075K62P,Panasonic,ERJ-8ENF5621V,Koa-Speer,RK73H2BTTDD5621F
5K76,"Res, 5K76 Ohm, 5K62, 250mW, R1206",Yageo,RC1206FR-075K76P,Panasonic,ERJ-8ENF5761V,Koa-Speer,RK73H2BTTDD5761F
5K9,"Res, 5K9 Ohm, 5K76, 250mW, R1206",Yageo,RC1206FR-075K9P,Panasonic,ERJ-8ENF5901V,Koa-Speer,RK73H2BTTDD5901F
6K04,"Res, 6K04 Ohm, 5K9, 250mW, R1206",Yageo,RC1206FR-076K04P,Panasonic,ERJ-8ENF6041V,Koa-Speer,RK73H2BTTDD6041F
6K19,"Res, 6K19 Ohm, 6K04, 250mW, R1206",Yageo,RC1206FR-076K19P,Panasonic,ERJ-8ENF6191V,Koa-Speer,RK73H2BTTDD6191F
6K34,"Res, 6K34 Ohm, 6K19, 250mW, R1206",Yageo,RC1206FR-076K34P,Panasonic,ERJ-8ENF6341V,Koa-Speer,RK73H2BTTDD6341F
6K49,"Res, 6K49 Ohm, 6K34, 250mW, R1206",Yageo,RC1206FR-076K49P,Panasonic,ERJ-8ENF6491V,Koa-Speer,RK73H2BTTDD6491F
6K65,"Res, 6K65 Ohm, 6K49, 250mW, R1206",Yageo,RC1206FR-076K65P,Panasonic,ERJ-8ENF6651V,Koa-Speer,RK73H2BTTDD6651F
6K81,"Res, 6K81 Ohm, 6K65, 250mW, R1206",Yageo,RC1206FR-076K81P,Panasonic,ERJ-8ENF6811V,Koa-Speer,RK73H2BTTDD6811F
6K98,"Res, 6K98 Ohm, 6K81, 250mW, R1206",Yageo,RC1206FR-076K98P,Panasonic,ERJ-8ENF6981V,Koa-Speer,RK73H2BTTDD6981F
7K15,"Res, 7K15 Ohm, 6K98, 250mW, R1206",Yageo,RC1206FR-077K15P,Panasonic,ERJ-8ENF7151V,Koa-Speer,RK73H2BTTDD7151F
7K32,"Res, 7K32 Ohm, 7K15, 250mW, R1206",Yageo,RC1206FR-077K32P,Panasonic,ERJ-8ENF7321V,Koa-Speer,RK73H2BTTDD7321F
7K5,"Res, 7K5 Ohm, 7K32, 250mW, R1206",Yageo,RC1206FR-077K5P,Panasonic,ERJ-8ENF7501V,Koa-Speer,RK73H2BTTDD7501F
7K68,"Res, 7K68 Ohm, 7K5, 250mW, R1206",Yageo,RC1206FR-077K68P,Panasonic,ERJ-8ENF7681V,Koa-Speer,RK73H2BTTDD7681F
7K87,"Res, 7K87 Ohm, 7K68, 250mW, R1206",Yageo,RC1206FR-077K87P,Panasonic,ERJ-8ENF7871V,Koa-Speer,RK73H2BTTDD7871F
8K06,"Res, 8K06 Ohm, 7K87, 250mW, R1206",Yageo,RC1206FR-078K06P,Panasonic,ERJ-8ENF8061V,Koa-Speer,RK73H2BTTDD8061F
8K25,"Res, 8K25 Ohm, 8K06, 250mW, R1206",Yageo,RC1206FR-078K25P,Panasonic,ERJ-8ENF8251V,Koa-Speer,RK73H2BTTDD8251F
8K45,"Res, 8K45 Ohm, 8K25, 250mW, R1206",Yageo,RC1206FR-078K45P,Panasonic,ERJ-8ENF8451V,Koa-Speer,RK73H2BTTDD8451F
8K66,"Res, 8K66 Ohm, 8K45, 250mW, R1206",Yageo,RC1206FR-078K66P,Panasonic,ERJ-8ENF8661V,Koa-Speer,RK73H2BTTDD8661F
8K87,"Res, 8K87 Ohm, 8K66, 250mW, R1206",Yageo,RC1206FR-078K87P,Panasonic,ERJ-8ENF8871V,Koa-Speer,RK73H2BTTDD8871F
9K09,"Res, 9K09 Ohm, 8K87, 250mW, R1206",Yageo,RC1206FR-079K09P,Panasonic,ERJ-8ENF9091V,Koa-Speer,RK73H2BTTDD9091F
9K31,"Res, 9K31 Ohm, 9K09, 250mW, R1206",Yageo,RC1206FR-079K31P,Panasonic,ERJ-8ENF9311V,Koa-Speer,RK73H2BTTDD9311F
9K53,"Res, 9K53 Ohm, 9K31, 250mW, R1206",Yageo,RC1206FR-079K53P,Panasonic,ERJ-8ENF9531V,Koa-Speer,RK73H2BTTDD9531F
9K76,"Res, 9K76 Ohm, 9K53, 250mW, R1206",Yageo,RC1206FR-079K76P,Panasonic,ERJ-8ENF9761V,Koa-Speer,RK73H2BTTDD9761F
10K,"Res, 10K Ohm, 9K76, 250mW, R1206",Yageo,RC1206FR-0710KP,Panasonic,ERJ-8ENF1002V,Koa-Speer,RK73H2BTTDD1002F
10K2,"Res, 10K2 Ohm, 10K, 250mW, R1206",Yageo,RC1206FR-0710K2P,Panasonic,ERJ-8ENF1022V,Koa-Speer,RK73H2BTTDD1022F
10K5,"Res, 10K5 Ohm, 10K2, 250mW, R1206",Yageo,RC1206FR-0710K5P,Panasonic,ERJ-8ENF1052V,Koa-Speer,RK73H2BTTDD1052F
10K7,"Res, 10K7 Ohm, 10K5, 250mW, R1206",Yageo,RC1206FR-0710K7P,Panasonic,ERJ-8ENF1072V,Koa-Speer,RK73H2BTTDD1072F
11K,"Res, 11K Ohm, 10K7, 250mW, R1206",Yageo,RC1206FR-0711KP,Panasonic,ERJ-8ENF1102V,Koa-Speer,RK73H2BTTDD1102F
11K3,"Res, 11K3 Ohm, 11K, 250mW, R1206",Yageo,RC1206FR-0711K3P,Panasonic,ERJ-8ENF1132V,Koa-Speer,RK73H2BTTDD1132F
11K5,"Res, 11K5 Ohm, 11K3, 250mW, R1206",Yageo,RC1206FR-0711K5P,Panasonic,ERJ-8ENF1152V,Koa-Speer,RK73H2BTTDD1152F
11K8,"Res, 11K8 Ohm, 11K5, 250mW, R1206",Yageo,RC1206FR-0711K8P,Panasonic,ERJ-8ENF1182V,Koa-Speer,RK73H2BTTDD1182F
12K1,"Res, 12K1 Ohm, 11K8, 250mW, R1206",Yageo,RC1206FR-0712K1P,Panasonic,ERJ-8ENF1212V,Koa-Speer,RK73H2BTTDD1212F
12K4,"Res, 12K4 Ohm, 12K1, 250mW, R1206",Yageo,RC1206FR-0712K4P,Panasonic,ERJ-8ENF1242V,Koa-Speer,RK73H2BTTDD1242F
12K7,"Res, 12K7 Ohm, 12K4, 250mW, R1206",Yageo,RC1206FR-0712K7P,Panasonic,ERJ-8ENF1272V,Koa-Speer,RK73H2BTTDD1272F
13K,"Res, 13K Ohm, 12K7, 250mW, R1206",Yageo,RC1206FR-0713KP,Panasonic,ERJ-8ENF1302V,Koa-Speer,RK73H2BTTDD1302F
13K3,"Res, 13K3 Ohm, 13K, 250mW, R1206",Yageo,RC1206FR-0713K3P,Panasonic,ERJ-8ENF1332V,Koa-Speer,RK73H2BTTDD1332F
13K7,"Res, 13K7 Ohm, 13K3, 250mW, R1206",Yageo,RC1206FR-0713K7P,Panasonic,ERJ-8ENF1372V,Koa-Speer,RK73H2BTTDD1372F
14K,"Res, 14K Ohm, 13K7, 250mW, R1206",Yageo,RC1206FR-0714KP,Panasonic,ERJ-8ENF1402V,Koa-Speer,RK73H2BTTDD1402F
14K3,"Res, 14K3 Ohm, 14K, 250mW, R1206",Yageo,RC1206FR-0714K3P,Panasonic,ERJ-8ENF1432V,Koa-Speer,RK73H2BTTDD1432F
14K7,"Res, 14K7 Ohm, 14K3, 250mW, R1206",Yageo,RC1206FR-0714K7P,Panasonic,ERJ-8ENF1472V,Koa-Speer,RK73H2BTTDD1472F
15K,"Res, 15K Ohm, 14K7, 250mW, R1206",Yageo,RC1206FR-0715KP,Panasonic,ERJ-8ENF1502V,Koa-Speer,RK73H2BTTDD1502F
15K4,"Res, 15K4 Ohm, 15K, 250mW, R1206",Yageo,RC1206FR-0715K4P,Panasonic,ERJ-8ENF1542V,Koa-Speer,RK73H2BTTDD1542F
15K8,"Res, 15K8 Ohm, 15K4, 250mW, R1206",Yageo,RC1206FR-0715K8P,Panasonic,ERJ-8ENF1582V,Koa-Speer,RK73H2BTTDD1582F
16K2,"Res, 16K2 Ohm, 15K8, 250mW, R1206",Yageo,RC1206FR-0716K2P,Panasonic,ERJ-8ENF1622V,Koa-Speer,RK73H2BTTDD1622F
16K5,"Res, 16K5 Ohm, 16K2, 250mW, R1206",Yageo,RC1206FR-0716K5P,Panasonic,ERJ-8ENF1652V,Koa-Speer,RK73H2BTTDD1652F
16K9,"Res, 16K9 Ohm, 16K5, 250mW, R1206",Yageo,RC1206FR-0716K9P,Panasonic,ERJ-8ENF1692V,Koa-Speer,RK73H2BTTDD1692F
17K4,"Res, 17K4 Ohm, 16K9, 250mW, R1206",Yageo,RC1206FR-0717K4P,Panasonic,ERJ-8ENF1742V,Koa-Speer,RK73H2BTTDD1742F
17K8,"Res, 17K8 Ohm, 17K4, 250mW, R1206",Yageo,RC1206FR-0717K8P,Panasonic,ERJ-8ENF1782V,Koa-Speer,RK73H2BTTDD1782F
18K2,"Res, 18K2 Ohm, 17K8, 250mW, R1206",Yageo,RC1206FR-0718K2P,Panasonic,ERJ-8ENF1822V,Koa-Speer,RK73H2BTTDD1822F
18K7,"Res, 18K7 Ohm, 18K2, 250mW, R1206",Yageo,RC1206FR-0718K7P,Panasonic,ERJ-8ENF1872V,Koa-Speer,RK73H2BTTDD1872F
19K1,"Res, 19K1 Ohm, 18K7, 250mW, R1206",Yageo,RC1206FR-0719K1P,Panasonic,ERJ-8ENF1912V,Koa-Speer,RK73H2BTTDD1912F
19K6,"Res, 19K6 Ohm, 19K1, 250mW, R1206",Yageo,RC1206FR-0719K6P,Panasonic,ERJ-8ENF1962V,Koa-Speer,RK73H2BTTDD1962F
20K,"Res, 20K Ohm, 19K6, 250mW, R1206",Yageo,RC1206FR-0720KP,Panasonic,ERJ-8ENF2002V,Koa-Speer,RK73H2BTTDD2002F
20K5,"Res, 20K5 Ohm, 20K, 250mW, R1206",Yageo,RC1206FR-0720K5P,Panasonic,ERJ-8ENF2052V,Koa-Speer,RK73H2BTTDD2052F
21K,"Res, 21K Ohm, 20K5, 250mW, R1206",Yageo,RC1206FR-0721KP,Panasonic,ERJ-8ENF2102V,Koa-Speer,RK73H2BTTDD2102F
21K5,"Res, 21K5 Ohm, 21K, 250mW, R1206",Yageo,RC1206FR-0721K5P,Panasonic,ERJ-8ENF2152V,Koa-Speer,RK73H2BTTDD2152F
22K1,"Res, 22K1 Ohm, 21K5, 250mW, R1206",Yageo,RC1206FR-0722K1P,Panasonic,ERJ-8ENF2212V,Koa-Speer,RK73H2BTTDD2212F
22K6,"Res, 22K6 Ohm, 22K1, 250mW, R1206",Yageo,RC1206FR-0722K6P,Panasonic,ERJ-8ENF2262V,Koa-Speer,RK73H2BTTDD2262F
23K2,"Res, 23K2 Ohm, 22K6, 250mW, R1206",Yageo,RC1206FR-0723K2P,Panasonic,ERJ-8ENF2322V,Koa-Speer,RK73H2BTTDD2322F
23K7,"Res, 23K7 Ohm, 23K2, 250mW, R1206",Yageo,RC1206FR-0723K7P,Panasonic,ERJ-8ENF2372V,Koa-Speer,RK73H2BTTDD2372F
24K3,"Res, 24K3 Ohm, 23K7, 250mW, R1206",Yageo,RC1206FR-0724K3P,Panasonic,ERJ-8ENF2432V,Koa-Speer,RK73H2BTTDD2432F
24K9,"Res, 24K9 Ohm, 24K3, 250mW, R1206",Yageo,RC1206FR-0724K9P,Panasonic,ERJ-8ENF2492V,Koa-Speer,RK73H2BTTDD2492F
25K5,"Res, 25K5 Ohm, 24K9, 250mW, R1206",Yageo,RC1206FR-0725K5P,Panasonic,ERJ-8ENF2552V,Koa-Speer,RK73H2BTTDD2552F
26K1,"Res, 26K1 Ohm, 25K5, 250mW, R1206",Yageo,RC1206FR-0726K1P,Panasonic,ERJ-8ENF2612V,Koa-Speer,RK73H2BTTDD2612F
26K7,"Res, 26K7 Ohm, 26K1, 250mW, R1206",Yageo,RC1206FR-0726K7P,Panasonic,ERJ-8ENF2672V,Koa-Speer,RK73H2BTTDD2672F
27K4,"Res, 27K4 Ohm, 26K7, 250mW, R1206",Yageo,RC1206FR-0727K4P,Panasonic,ERJ-8ENF2742V,Koa-Speer,RK73H2BTTDD2742F
28K,"Res, 28K Ohm, 27K4, 250mW, R1206",Yageo,RC1206FR-0728KP,Panasonic,ERJ-8ENF2802V,Koa-Speer,RK73H2BTTDD2802F
28K7,"Res, 28K7 Ohm, 28K, 250mW, R1206",Yageo,RC1206FR-0728K7P,Panasonic,ERJ-8ENF2872V,Koa-Speer,RK73H2BTTDD2872F
29K4,"Res, 29K4 Ohm, 28K7, 250mW, R1206",Yageo,RC1206FR-0729K4P,Panasonic,ERJ-8ENF2942V,Koa-Speer,RK73H2BTTDD2942F
30K1,"Res, 30K1 Ohm, 29K4, 250mW, R1206",Yageo,RC1206FR-0730K1P,Panasonic,ERJ-8ENF3012V,Koa-Speer,RK73H2BTTDD3012F
30K9,"Res, 30K9 Ohm, 30K1, 250mW, R1206",Yageo,RC1206FR-0730K9P,Panasonic,ERJ-8ENF3092V,Koa-Speer,RK73H2BTTDD3092F
31K6,"Res, 31K6 Ohm, 30K9, 250mW, R1206",Yageo,RC1206FR-0731K6P,Panasonic,ERJ-8ENF3162V,Koa-Speer,RK73H2BTTDD3162F
32K4,"Res, 32K4 Ohm, 31K6, 250mW, R1206",Yageo,RC1206FR-0732K4P,Panasonic,ERJ-8ENF3242V,Koa-Speer,RK73H2BTTDD3242F
33K2,"Res, 33K2 Ohm, 32K4, 250mW, R1206",Yageo,RC1206FR-0733K2P,Panasonic,ERJ-8ENF3322V,Koa-Speer,RK73H2BTTDD3322F
34K,"Res, 34K Ohm, 33K2, 250mW, R1206",Yageo,RC1206FR-0734KP,Panasonic,ERJ-8ENF3402V,Koa-Speer,RK73H2BTTDD3402F
34K8,"Res, 34K8 Ohm, 34K, 250mW, R1206",Yageo,RC1206FR-0734K8P,Panasonic,ERJ-8ENF3482V,Koa-Speer,RK73H2BTTDD3482F
35K7,"Res, 35K7 Ohm, 34K8, 250mW, R1206",Yageo,RC1206FR-0735K7P,Panasonic,ERJ-8ENF3572V,Koa-Speer,RK73H2BTTDD3572F
36K5,"Res, 36K5 Ohm, 35K7, 250mW, R1206",Yageo,RC1206FR-0736K5P,Panasonic,ERJ-8ENF3652V,Koa-Speer,RK73H2BTTDD3652F
37K4,"Res, 37K4 Ohm, 36K5, 250mW, R1206",Yageo,RC1206FR-0737K4P,Panasonic,ERJ-8ENF3742V,Koa-Speer,RK73H2BTTDD3742F
38K3,"Res, 38K3 Ohm, 37K4, 250mW, R1206",Yageo,RC1206FR-0738K3P,Panasonic,ERJ-8ENF3832V,Koa-Speer,RK73H2BTTDD3832F
39K2,"Res, 39K2 Ohm, 38K3, 250mW, R1206",Yageo,RC1206FR-0739K2P,Panasonic,ERJ-8ENF3922V,Koa-Speer,RK73H2BTTDD3922F
40K2,"Res, 40K2 Ohm, 39K2, 250mW, R1206",Yageo,RC1206FR-0740K2P,Panasonic,ERJ-8ENF4022V,Koa-Speer,RK73H2BTTDD4022F
41K2,"Res, 41K2 Ohm, 40K2, 250mW, R1206",Yageo,RC1206FR-0741K2P,Panasonic,ERJ-8ENF4122V,Koa-Speer,RK73H2BTTDD4122F
42K2,"Res, 42K2 Ohm, 41K2, 250mW, R1206",Yageo,RC1206FR-0742K2P,Panasonic,ERJ-8ENF4222V,Koa-Speer,RK73H2BTTDD4222F
43K2,"Res, 43K2 Ohm, 42K2, 250mW, R1206",Yageo,RC1206FR-0743K2P,Panasonic,ERJ-8ENF4322V,Koa-Speer,RK73H2BTTDD4322F
44K2,"Res, 44K2 Ohm, 43K2, 250mW, R1206",Yageo,RC1206FR-0744K2P,Panasonic,ERJ-8ENF4422V,Koa-Speer,RK73H2BTTDD4422F
45K3,"Res, 45K3 Ohm, 44K2, 250mW, R1206",Yageo,RC1206FR-0745K3P,Panasonic,ERJ-8ENF4532V,Koa-Speer,RK73H2BTTDD4532F
46K4,"Res, 46K4 Ohm, 45K3, 250mW, R1206",Yageo,RC1206FR-0746K4P,Panasonic,ERJ-8ENF4642V,Koa-Speer,RK73H2BTTDD4642F
47K5,"Res, 47K5 Ohm, 46K4, 250mW, R1206",Yageo,RC1206FR-0747K5P,Panasonic,ERJ-8ENF4752V,Koa-Speer,RK73H2BTTDD4752F
48K7,"Res, 48K7 Ohm, 47K5, 250mW, R1206",Yageo,RC1206FR-0748K7P,Panasonic,ERJ-8ENF4872V,Koa-Speer,RK73H2BTTDD4872F
49K9,"Res, 49K9 Ohm, 48K7, 250mW, R1206",Yageo,RC1206FR-0749K9P,Panasonic,ERJ-8ENF4992V,Koa-Speer,RK73H2BTTDD4992F
51K1,"Res, 51K1 Ohm, 49K9, 250mW, R1206",Yageo,RC1206FR-0751K1P,Panasonic,ERJ-8ENF5112V,Koa-Speer,RK73H2BTTDD5112F
52K3,"Res, 52K3 Ohm, 51K1, 250mW, R1206",Yageo,RC1206FR-0752K3P,Panasonic,ERJ-8ENF5232V,Koa-Speer,RK73H2BTTDD5232F
53K6,"Res, 53K6 Ohm, 52K3, 250mW, R1206",Yageo,RC1206FR-0753K6P,Panasonic,ERJ-8ENF5362V,Koa-Speer,RK73H2BTTDD5362F
54K9,"Res, 54K9 Ohm, 53K6, 250mW, R1206",Yageo,RC1206FR-0754K9P,Panasonic,ERJ-8ENF5492V,Koa-Speer,RK73H2BTTDD5492F
56K2,"Res, 56K2 Ohm, 54K9, 250mW, R1206",Yageo,RC1206FR-0756K2P,Panasonic,ERJ-8ENF5622V,Koa-Speer,RK73H2BTTDD5622F
57K6,"Res, 57K6 Ohm, 56K2, 250mW, R1206",Yageo,RC1206FR-0757K6P,Panasonic,ERJ-8ENF5762V,Koa-Speer,RK73H2BTTDD5762F
59K,"Res, 59K Ohm, 57K6, 250mW, R1206",Yageo,RC1206FR-0759KP,Panasonic,ERJ-8ENF5902V,Koa-Speer,RK73H2BTTDD5902F
60K4,"Res, 60K4 Ohm, 59K, 250mW, R1206",Yageo,RC1206FR-0760K4P,Panasonic,ERJ-8ENF6042V,Koa-Speer,RK73H2BTTDD6042F
61K9,"Res, 61K9 Ohm, 60K4, 250mW, R1206",Yageo,RC1206FR-0761K9P,Panasonic,ERJ-8ENF6192V,Koa-Speer,RK73H2BTTDD6192F
63K4,"Res, 63K4 Ohm, 61K9, 250mW, R1206",Yageo,RC1206FR-0763K4P,Panasonic,ERJ-8ENF6342V,Koa-Speer,RK73H2BTTDD6342F
64K9,"Res, 64K9 Ohm, 63K4, 250mW, R1206",Yageo,RC1206FR-0764K9P,Panasonic,ERJ-8ENF6492V,Koa-Speer,RK73H2BTTDD6492F
66K5,"Res, 66K5 Ohm, 64K9, 250mW, R1206",Yageo,RC1206FR-0766K5P,Panasonic,ERJ-8ENF6652V,Koa-Speer,RK73H2BTTDD6652F
68K1,"Res, 68K1 Ohm, 66K5, 250mW, R1206",Yageo,RC1206FR-0768K1P,Panasonic,ERJ-8ENF6812V,Koa-Speer,RK73H2BTTDD6812F
69K8,"Res, 69K8 Ohm, 68K1, 250mW, R1206",Yageo,RC1206FR-0769K8P,Panasonic,ERJ-8ENF6982V,Koa-Speer,RK73H2BTTDD6982F
71K5,"Res, 71K5 Ohm, 69K8, 250mW, R1206",Yageo,RC1206FR-0771K5P,Panasonic,ERJ-8ENF7152V,Koa-Speer,RK73H2BTTDD7152F
73K2,"Res, 73K2 Ohm, 71K5, 250mW, R1206",Yageo,RC1206FR-0773K2P,Panasonic,ERJ-8ENF7322V,Koa-Speer,RK73H2BTTDD7322F
75K,"Res, 75K Ohm, 73K2, 250mW, R1206",Yageo,RC1206FR-0775KP,Panasonic,ERJ-8ENF7502V,Koa-Speer,RK73H2BTTDD7502F
76K8,"Res, 76K8 Ohm, 75K, 250mW, R1206",Yageo,RC1206FR-0776K8P,Panasonic,ERJ-8ENF7682V,Koa-Speer,RK73H2BTTDD7682F
78K7,"Res, 78K7 Ohm, 76K8, 250mW, R1206",Yageo,RC1206FR-0778K7P,Panasonic,ERJ-8ENF7872V,Koa-Speer,RK73H2BTTDD7872F
80K6,"Res, 80K6 Ohm, 78K7, 250mW, R1206",Yageo,RC1206FR-0780K6P,Panasonic,ERJ-8ENF8062V,Koa-Speer,RK73H2BTTDD8062F
82K5,"Res, 82K5 Ohm, 80K6, 250mW, R1206",Yageo,RC1206FR-0782K5P,Panasonic,ERJ-8ENF8252V,Koa-Speer,RK73H2BTTDD8252F
84K5,"Res, 84K5 Ohm, 82K5, 250mW, R1206",Yageo,RC1206FR-0784K5P,Panasonic,ERJ-8ENF8452V,Koa-Speer,RK73H2BTTDD8452F
86K6,"Res, 86K6 Ohm, 84K5, 250mW, R1206",Yageo,RC1206FR-0786K6P,Panasonic,ERJ-8ENF8662V,Koa-Speer,RK73H2BTTDD8662F
88K7,"Res, 88K7 Ohm, 86K6, 250mW, R1206",Yageo,RC1206FR-0788K7P,Panasonic,ERJ-8ENF8872V,Koa-Speer,RK73H2BTTDD8872F
90K9,"Res, 90K9 Ohm, 88K7, 250mW, R1206",Yageo,RC1206FR-0790K9P,Panasonic,ERJ-8ENF9092V,Koa-Speer,RK73H2BTTDD9092F
93K1,"Res, 93K1 Ohm, 90K9, 250mW, R1206",Yageo,RC1206FR-0793K1P,Panasonic,ERJ-8ENF9312V,Koa-Speer,RK73H2BTTDD9312F
95K3,"Res, 95K3 Ohm, 93K1, 250mW, R1206",Yageo,RC1206FR-0795K3P,Panasonic,ERJ-8ENF9532V,Koa-Speer,RK73H2BTTDD9532F
97K6,"Res, 97K6 Ohm, 95K3, 250mW, R1206",Yageo,RC1206FR-0797K6P,Panasonic,ERJ-8ENF9762V,Koa-Speer,RK73H2BTTDD9762F
100K,"Res, 100K Ohm, 97K6, 250mW, R1206",Yageo,RC1206FR-07100KP,Panasonic,ERJ-8ENF1003V,Koa-Speer,RK73H2BTTDD1003F
102K,"Res, 102K Ohm, 100K, 250mW, R1206",Yageo,RC1206FR-07102KP,Panasonic,ERJ-8ENF1023V,Koa-Speer,RK73H2BTTDD1023F
105K,"Res, 105K Ohm, 102K, 250mW, R1206",Yageo,RC1206FR-07105KP,Panasonic,ERJ-8ENF1053V,Koa-Speer,RK73H2BTTDD1053F
107K,"Res, 107K Ohm, 105K, 250mW, R1206",Yageo,RC1206FR-07107KP,Panasonic,ERJ-8ENF1073V,Koa-Speer,RK73H2BTTDD1073F
110K,"Res, 110K Ohm, 107K, 250mW, R1206",Yageo,RC1206FR-07110KP,Panasonic,ERJ-8ENF1103V,Koa-Speer,RK73H2BTTDD1103F
113K,"Res, 113K Ohm, 110K, 250mW, R1206",Yageo,RC1206FR-07113KP,Panasonic,ERJ-8ENF1133V,Koa-Speer,RK73H2BTTDD1133F
115K,"Res, 115K Ohm, 113K, 250mW, R1206",Yageo,RC1206FR-07115KP,Panasonic,ERJ-8ENF1153V,Koa-Speer,RK73H2BTTDD1153F
118K,"Res, 118K Ohm, 115K, 250mW, R1206",Yageo,RC1206FR-07118KP,Panasonic,ERJ-8ENF1183V,Koa-Speer,RK73H2BTTDD1183F
121K,"Res, 121K Ohm, 118K, 250mW, R1206",Yageo,RC1206FR-07121KP,Panasonic,ERJ-8ENF1213V,Koa-Speer,RK73H2BTTDD1213F
124K,"Res, 124K Ohm, 121K, 250mW, R1206",Yageo,RC1206FR-07124KP,Panasonic,ERJ-8ENF1243V,Koa-Speer,RK73H2BTTDD1243F
127K,"Res, 127K Ohm, 124K, 250mW, R1206",Yageo,RC1206FR-07127KP,Panasonic,ERJ-8ENF1273V,Koa-Speer,RK73H2BTTDD1273F
130K,"Res, 130K Ohm, 127K, 250mW, R1206",Yageo,RC1206FR-07130KP,Panasonic,ERJ-8ENF1303V,Koa-Speer,RK73H2BTTDD1303F
133K,"Res, 133K Ohm, 130K, 250mW, R1206",Yageo,RC1206FR-07133KP,Panasonic,ERJ-8ENF1333V,Koa-Speer,RK73H2BTTDD1333F
137K,"Res, 137K Ohm, 133K, 250mW, R1206",Yageo,RC1206FR-07137KP,Panasonic,ERJ-8ENF1373V,Koa-Speer,RK73H2BTTDD1373F
140K,"Res, 140K Ohm, 137K, 250mW, R1206",Yageo,RC1206FR-07140KP,Panasonic,ERJ-8ENF1403V,Koa-Speer,RK73H2BTTDD1403F
143K,"Res, 143K Ohm, 140K, 250mW, R1206",Yageo,RC1206FR-07143KP,Panasonic,ERJ-8ENF1433V,Koa-Speer,RK73H2BTTDD1433F
147K,"Res, 147K Ohm, 143K, 250mW, R1206",Yageo,RC1206FR-07147KP,Panasonic,ERJ-8ENF1473V,Koa-Speer,RK73H2BTTDD1473F
150K,"Res, 150K Ohm, 147K, 250mW, R1206",Yageo,RC1206FR-07150KP,Panasonic,ERJ-8ENF1503V,Koa-Speer,RK73H2BTTDD1503F
154K,"Res, 154K Ohm, 150K, 250mW, R1206",Yageo,RC1206FR-07154KP,Panasonic,ERJ-8ENF1543V,Koa-Speer,RK73H2BTTDD1543F
158K,"Res, 158K Ohm, 154K, 250mW, R1206",Yageo,RC1206FR-07158KP,Panasonic,ERJ-8ENF1583V,Koa-Speer,RK73H2BTTDD1583F
162K,"Res, 162K Ohm, 158K, 250mW, R1206",Yageo,RC1206FR-07162KP,Panasonic,ERJ-8ENF1623V,Koa-Speer,RK73H2BTTDD1623F
165K,"Res, 165K Ohm, 162K, 250mW, R1206",Yageo,RC1206FR-07165KP,Panasonic,ERJ-8ENF1653V,Koa-Speer,RK73H2BTTDD1653F
169K,"Res, 169K Ohm, 165K, 250mW, R1206",Yageo,RC1206FR-07169KP,Panasonic,ERJ-8ENF1693V,Koa-Speer,RK73H2BTTDD1693F
174K,"Res, 174K Ohm, 169K, 250mW, R1206",Yageo,RC1206FR-07174KP,Panasonic,ERJ-8ENF1743V,Koa-Speer,RK73H2BTTDD1743F
178K,"Res, 178K Ohm, 174K, 250mW, R1206",Yageo,RC1206FR-07178KP,Panasonic,ERJ-8ENF1783V,Koa-Speer,RK73H2BTTDD1783F
182K,"Res, 182K Ohm, 178K, 250mW, R1206",Yageo,RC1206FR-07182KP,Panasonic,ERJ-8ENF1823V,Koa-Speer,RK73H2BTTDD1823F
187K,"Res, 187K Ohm, 182K, 250mW, R1206",Yageo,RC1206FR-07187KP,Panasonic,ERJ-8ENF1873V,Koa-Speer,RK73H2BTTDD1873F
191K,"Res, 191K Ohm, 187K, 250mW, R1206",Yageo,RC1206FR-07191KP,Panasonic,ERJ-8ENF1913V,Koa-Speer,RK73H2BTTDD1913F
196K,"Res, 196K Ohm, 191K, 250mW, R1206",Yageo,RC1206FR-07196KP,Panasonic,ERJ-8ENF1963V,Koa-Speer,RK73H2BTTDD1963F
200K,"Res, 200K Ohm, 196K, 250mW, R1206",Yageo,RC1206FR-07200KP,Panasonic,ERJ-8ENF2003V,Koa-Speer,RK73H2BTTDD2003F
205K,"Res, 205K Ohm, 200K, 250mW, R1206",Yageo,RC1206FR-07205KP,Panasonic,ERJ-8ENF2053V,Koa-Speer,RK73H2BTTDD2053F
210K,"Res, 210K Ohm, 205K, 250mW, R1206",Yageo,RC1206FR-07210KP,Panasonic,ERJ-8ENF2103V,Koa-Speer,RK73H2BTTDD2103F
215K,"Res, 215K Ohm, 210K, 250mW, R1206",Yageo,RC1206FR-07215KP,Panasonic,ERJ-8ENF2153V,Koa-Speer,RK73H2BTTDD2153F
221K,"Res, 221K Ohm, 215K, 250mW, R1206",Yageo,RC1206FR-07221KP,Panasonic,ERJ-8ENF2213V,Koa-Speer,RK73H2BTTDD2213F
226K,"Res, 226K Ohm, 221K, 250mW, R1206",Yageo,RC1206FR-07226KP,Panasonic,ERJ-8ENF2263V,Koa-Speer,RK73H2BTTDD2263F
232K,"Res, 232K Ohm, 226K, 250mW, R1206",Yageo,RC1206FR-07232KP,Panasonic,ERJ-8ENF2323V,Koa-Speer,RK73H2BTTDD2323F
237K,"Res, 237K Ohm, 232K, 250mW, R1206",Yageo,RC1206FR-07237KP,Panasonic,ERJ-8ENF2373V,Koa-Speer,RK73H2BTTDD2373F
243K,"Res, 243K Ohm, 237K, 250mW, R1206",Yageo,RC1206FR-07243KP,Panasonic,ERJ-8ENF2433V,Koa-Speer,RK73H2BTTDD2433F
249K,"Res, 249K Ohm, 243K, 250mW, R1206",Yageo,RC1206FR-07249KP,Panasonic,ERJ-8ENF2493V,Koa-Speer,RK73H2BTTDD2493F
255K,"Res, 255K Ohm, 249K, 250mW, R1206",Yageo,RC1206FR-07255KP,Panasonic,ERJ-8ENF2553V,Koa-Speer,RK73H2BTTDD2553F
261K,"Res, 261K Ohm, 255K, 250mW, R1206",Yageo,RC1206FR-07261KP,Panasonic,ERJ-8ENF2613V,Koa-Speer,RK73H2BTTDD2613F
267K,"Res, 267K Ohm, 261K, 250mW, R1206",Yageo,RC1206FR-07267KP,Panasonic,ERJ-8ENF2673V,Koa-Speer,RK73H2BTTDD2673F
274K,"Res, 274K Ohm, 267K, 250mW, R1206",Yageo,RC1206FR-07274KP,Panasonic,ERJ-8ENF2743V,Koa-Speer,RK73H2BTTDD2743F
280K,"Res, 280K Ohm, 274K, 250mW, R1206",Yageo,RC1206FR-07280KP,Panasonic,ERJ-8ENF2803V,Koa-Speer,RK73H2BTTDD2803F
287K,"Res, 287K Ohm, 280K, 250mW, R1206",Yageo,RC1206FR-07287KP,Panasonic,ERJ-8ENF2873V,Koa-Speer,RK73H2BTTDD2873F
294K,"Res, 294K Ohm, 287K, 250mW, R1206",Yageo,RC1206FR-07294KP,Panasonic,ERJ-8ENF2943V,Koa-Speer,RK73H2BTTDD2943F
301K,"Res, 301K Ohm, 294K, 250mW, R1206",Yageo,RC1206FR-07301KP,Panasonic,ERJ-8ENF3013V,Koa-Speer,RK73H2BTTDD3013F
309K,"Res, 309K Ohm, 301K, 250mW, R1206",Yageo,RC1206FR-07309KP,Panasonic,ERJ-8ENF3093V,Koa-Speer,RK73H2BTTDD3093F
316K,"Res, 316K Ohm, 309K, 250mW, R1206",Yageo,RC1206FR-07316KP,Panasonic,ERJ-8ENF3163V,Koa-Speer,RK73H2BTTDD3163F
324K,"Res, 324K Ohm, 316K, 250mW, R1206",Yageo,RC1206FR-07324KP,Panasonic,ERJ-8ENF3243V,Koa-Speer,RK73H2BTTDD3243F
332K,"Res, 332K Ohm, 324K, 250mW, R1206",Yageo,RC1206FR-07332KP,Panasonic,ERJ-8ENF3323V,Koa-Speer,RK73H2BTTDD3323F
340K,"Res, 340K Ohm, 332K, 250mW, R1206",Yageo,RC1206FR-07340KP,Panasonic,ERJ-8ENF3403V,Koa-Speer,RK73H2BTTDD3403F
348K,"Res, 348K Ohm, 340K, 250mW, R1206",Yageo,RC1206FR-07348KP,Panasonic,ERJ-8ENF3483V,Koa-Speer,RK73H2BTTDD3483F
357K,"Res, 357K Ohm, 348K, 250mW, R1206",Yageo,RC1206FR-07357KP,Panasonic,ERJ-8ENF3573V,Koa-Speer,RK73H2BTTDD3573F
365K,"Res, 365K Ohm, 357K, 250mW, R1206",Yageo,RC1206FR-07365KP,Panasonic,ERJ-8ENF3653V,Koa-Speer,RK73H2BTTDD3653F
374K,"Res, 374K Ohm, 365K, 250mW, R1206",Yageo,RC1206FR-07374KP,Panasonic,ERJ-8ENF3743V,Koa-Speer,RK73H2BTTDD3743F
383K,"Res, 383K Ohm, 374K, 250mW, R1206",Yageo,RC1206FR-07383KP,Panasonic,ERJ-8ENF3833V,Koa-Speer,RK73H2BTTDD3833F
392K,"Res, 392K Ohm, 383K, 250mW, R1206",Yageo,RC1206FR-07392KP,Panasonic,ERJ-8ENF3923V,Koa-Speer,RK73H2BTTDD3923F
402K,"Res, 402K Ohm, 392K, 250mW, R1206",Yageo,RC1206FR-07402KP,Panasonic,ERJ-8ENF4023V,Koa-Speer,RK73H2BTTDD4023F
412K,"Res, 412K Ohm, 402K, 250mW, R1206",Yageo,RC1206FR-07412KP,Panasonic,ERJ-8ENF4123V,Koa-Speer,RK73H2BTTDD4123F
422K,"Res, 422K Ohm, 412K, 250mW, R1206",Yageo,RC1206FR-07422KP,Panasonic,ERJ-8ENF4223V,Koa-Speer,RK73H2BTTDD4223F
432K,"Res, 432K Ohm, 422K, 250mW, R1206",Yageo,RC1206FR-07432KP,Panasonic,ERJ-8ENF4323V,Koa-Speer,RK73H2BTTDD4323F
442K,"Res, 442K Ohm, 432K, 250mW, R1206",Yageo,RC1206FR-07442KP,Panasonic,ERJ-8ENF4423V,Koa-Speer,RK73H2BTTDD4423F
453K,"Res, 453K Ohm, 442K, 250mW, R1206",Yageo,RC1206FR-07453KP,Panasonic,ERJ-8ENF4533V,Koa-Speer,RK73H2BTTDD4533F
464K,"Res, 464K Ohm, 453K, 250mW, R1206",Yageo,RC1206FR-07464KP,Panasonic,ERJ-8ENF4643V,Koa-Speer,RK73H2BTTDD4643F
475K,"Res, 475K Ohm, 464K, 250mW, R1206",Yageo,RC1206FR-07475KP,Panasonic,ERJ-8ENF4753V,Koa-Speer,RK73H2BTTDD4753F
487K,"Res, 487K Ohm, 475K, 250mW, R1206",Yageo,RC1206FR-07487KP,Panasonic,ERJ-8ENF4873V,Koa-Speer,RK73H2BTTDD4873F
499K,"Res, 499K Ohm, 487K, 250mW, R1206",Yageo,RC1206FR-07499KP,Panasonic,ERJ-8ENF4993V,Koa-Speer,RK73H2BTTDD4993F
511K,"Res, 511K Ohm, 499K, 250mW, R1206",Yageo,RC1206FR-07511KP,Panasonic,ERJ-8ENF5113V,Koa-Speer,RK73H2BTTDD5113F
523K,"Res, 523K Ohm, 511K, 250mW, R1206",Yageo,RC1206FR-07523KP,Panasonic,ERJ-8ENF5233V,Koa-Speer,RK73H2BTTDD5233F
536K,"Res, 536K Ohm, 523K, 250mW, R1206",Yageo,RC1206FR-07536KP,Panasonic,ERJ-8ENF5363V,Koa-Speer,RK73H2BTTDD5363F
549K,"Res, 549K Ohm, 536K, 250mW, R1206",Yageo,RC1206FR-07549KP,Panasonic,ERJ-8ENF5493V,Koa-Speer,RK73H2BTTDD5493F
562K,"Res, 562K Ohm, 549K, 250mW, R1206",Yageo,RC1206FR-07562KP,Panasonic,ERJ-8ENF5623V,Koa-Speer,RK73H2BTTDD5623F
576K,"Res, 576K Ohm, 562K, 250mW, R1206",Yageo,RC1206FR-07576KP,Panasonic,ERJ-8ENF5763V,Koa-Speer,RK73H2BTTDD5763F
590K,"Res, 590K Ohm, 576K, 250mW, R1206",Yageo,RC1206FR-07590KP,Panasonic,ERJ-8ENF5903V,Koa-Speer,RK73H2BTTDD5903F
604K,"Res, 604K Ohm, 590K, 250mW, R1206",Yageo,RC1206FR-07604KP,Panasonic,ERJ-8ENF6043V,Koa-Speer,RK73H2BTTDD6043F
619K,"Res, 619K Ohm, 604K, 250mW, R1206",Yageo,RC1206FR-07619KP,Panasonic,ERJ-8ENF6193V,Koa-Speer,RK73H2BTTDD6193F
634K,"Res, 634K Ohm, 619K, 250mW, R1206",Yageo,RC1206FR-07634KP,Panasonic,ERJ-8ENF6343V,Koa-Speer,RK73H2BTTDD6343F
649K,"Res, 649K Ohm, 634K, 250mW, R1206",Yageo,RC1206FR-07649KP,Panasonic,ERJ-8ENF6493V,Koa-Speer,RK73H2BTTDD6493F
665K,"Res, 665K Ohm, 649K, 250mW, R1206",Yageo,RC1206FR-07665KP,Panasonic,ERJ-8ENF6653V,Koa-Speer,RK73H2BTTDD6653F
681K,"Res, 681K Ohm, 665K, 250mW, R1206",Yageo,RC1206FR-07681KP,Panasonic,ERJ-8ENF6813V,Koa-Speer,RK73H2BTTDD6813F
698K,"Res, 698K Ohm, 681K, 250mW, R1206",Yageo,RC1206FR-07698KP,Panasonic,ERJ-8ENF6983V,Koa-Speer,RK73H2BTTDD6983F
715K,"Res, 715K Ohm, 698K, 250mW, R1206",Yageo,RC1206FR-07715KP,Panasonic,ERJ-8ENF7153V,Koa-Speer,RK73H2BTTDD7153F
732K,"Res, 732K Ohm, 715K, 250mW, R1206",Yageo,RC1206FR-07732KP,Panasonic,ERJ-8ENF7323V,Koa-Speer,RK73H2BTTDD7323F
750K,"Res, 750K Ohm, 732K, 250mW, R1206",Yageo,RC1206FR-07750KP,Panasonic,ERJ-8ENF7503V,Koa-Speer,RK73H2BTTDD7503F
768K,"Res, 768K Ohm, 750K, 250mW, R1206",Yageo,RC1206FR-07768KP,Panasonic,ERJ-8ENF7683V,Koa-Speer,RK73H2BTTDD7683F
787K,"Res, 787K Ohm, 768K, 250mW, R1206",Yageo,RC1206FR-07787KP,Panasonic,ERJ-8ENF7873V,Koa-Speer,RK73H2BTTDD7873F
806K,"Res, 806K Ohm, 787K, 250mW, R1206",Yageo,RC1206FR-07806KP,Panasonic,ERJ-8ENF8063V,Koa-Speer,RK73H2BTTDD8063F
825K,"Res, 825K Ohm, 806K, 250mW, R1206",Yageo,RC1206FR-07825KP,Panasonic,ERJ-8ENF8253V,Koa-Speer,RK73H2BTTDD8253F
845K,"Res, 845K Ohm, 825K, 250mW, R1206",Yageo,RC1206FR-07845KP,Panasonic,ERJ-8ENF8453V,Koa-Speer,RK73H2BTTDD8453F
866K,"Res, 866K Ohm, 845K, 250mW, R1206",Yageo,RC1206FR-07866KP,Panasonic,ERJ-8ENF8663V,Koa-Speer,RK73H2BTTDD8663F
887K,"Res, 887K Ohm, 866K, 250mW, R1206",Yageo,RC1206FR-07887KP,Panasonic,ERJ-8ENF8873V,Koa-Speer,RK73H2BTTDD8873F
909K,"Res, 909K Ohm, 887K, 250mW, R1206",Yageo,RC1206FR-07909KP,Panasonic,ERJ-8ENF9093V,Koa-Speer,RK73H2BTTDD9093F
931K,"Res, 931K Ohm, 909K, 250mW, R1206",Yageo,RC1206FR-07931KP,Panasonic,ERJ-8ENF9313V,Koa-Speer,RK73H2BTTDD9313F
953K,"Res, 953K Ohm, 931K, 250mW, R1206",Yageo,RC1206FR-07953KP,Panasonic,ERJ-8ENF9533V,Koa-Speer,RK73H2BTTDD9533F
976K,"Res, 976K Ohm, 953K, 250mW, R1206",Yageo,RC1206FR-07976KP,Panasonic,ERJ-8ENF9763V,Koa-Speer,RK73H2BTTDD9763F
1M,"Res, 1M Ohm, 976K, 250mW, R1206",Yageo,RC1206FR-071MP,Panasonic,ERJ-8ENF1004V,Koa-Speer,RK73H2BTTDD1004F
